Union,ইউনিয়ন
Abaipur,আবাইপুর
Abdullahpur,আবদুল্লাহপুর
Abdullapur,আবদুল্লাপুর
Abdulpur,আব্দুলপুর
Abu Bakarpur,আবু বকরপুর
Achargaon,আচারগাঁও
Achim Patuli,আছিিম পাটুলী
Achintapur,অচিন্তপুর
Achmita,আছমিতা
Adabaria,আদাবাড়িয়া
Adair,আদাইর
Adam Dighi,আদম দীঘি
Adampur,আদমপুর
Adarbhita,আদরভিটা
Adda,আড্ডা
Adhaipur,আধাইরামপুর
Adhakha Nazrul Nagar,আধাখা নজরুল নগর
Adhara,অধরা
Adhunagar,আধুনগর
Adiabad,আদিয়াবাদ
Adra,আদ্রা
Adrabunia,আদরাবুনিয়া
Adrarak Chara,আদরারক ছড়া
Aftabnagar,আফতাবনগর
Aganagar,আগানগর
Agardari,আগরদাড়ি
Agarpur,আগরপুর
Agia,আগিয়া
Agla,আগলা
Agra Digun,আগ্রা দিগুন
Ahammedpur,আহাম্মেদপুর
Ahla Karaldanga,আহলা করালডাঙ্গা
Ahmadabad,আহমদাবাদ
Ahmmedabad,আহম্মেদাবাদ
Ahsanganj,আহসানগঞ্জ
Aiba Chhara,আইবা ছড়া
Aihai,আইহাই
Aijganti,আইজগান্তি
Ailchara,আইলছড়া
Ajgana,আজগনা
Ajgara,আজগড়া
Ajmiriganj,আজমিরীগঞ্জ
Ajmiriganj Paurashava,আজমিরীগঞ্জ পৌরসভা
Ajugara,অজুগরা
Akbarpur,আকবরপুর
Akcha,আকচা
Akhailkura,আখাইলকুরা
Akhanagar,আখানগর
Akhaura Paurashava,আখাউরা পৌরসভা
Akkelpur Paurashava,আক্কেলপুর পৌরসভা
Akter Char,আকতার চর
Akua,আকুয়া
Akubpur,আকুবপুর
Aladipur,আলাদিপুর
Alam Biditar,আলম বিদিতর
Alamdanga Paurashava,আলমডাঙ্গা পৌরসভা
Alamnagar,আলমনগর
Alampur,আলমপুর
Alankari,অলংকারি
Alatuli,আলাতুলি
Alfadanga,আলফাড়াঙ্গা
Algi,আলগি
Ali Akbar Deil,আলি আকবর দেইল
Aliabad,আলিয়াবাদ
Alihat,আলিহাট
Alikadam,আলিকাদম
Alikhong,আলিখং
Alimabad,আলীমাবাদ
Alinagar,আলিনগর
Alipur,আলীপুর
Alipura,আলিপুরা
Alir Tek,আলীর টেক
Alirgaon,আলিরগাঁও
Alkara,আলকারা
Alokbali,আলোকবালি
Alokdia,আলোকদিয়া
Alokdihi,আলোকদিহি
Alokjhari,আলোকঝাড়ি
Alowa Khowa,আলোয়া খোয়া
Alyerapur,আলাইয়ারপুর
Amadi,আমাদি
Amair,আমাইর
Amalsar,আমলসার
Amanullah,আমানউল্লাহ
Amanullapur,আমানুল্লাপুর
Amarkhana,অমরখানা
Amarpur,অমরপুর
Ambaria,আমবাড়িয়া
Ambarnagar,আমবরনগর
Ambikapur,অম্বিকাপুর
Amchia,আমছিয়া
Amda,আমদা
Amdai,আমদাই
Amdia,আমদিয়া
Amgaon,আমগাঁও
Amgram,আমগ্রাম
Amilais,আমিলাইস
Amin Bazar,আমিন বাজার
Aminabad,আমিনাবাদ
Amirabad,আমিরাবাদ
Amirabari,আমিরাবাড়ি
Amirganj,আমিরগঞ্জ
Amirpur,আমিরপুর
Amisha Para,আমিষা পাড়া
Amjadhat,আমজাদহাট
Amjankhore,আমজানখোর
Amjhupi,আমঝুপি
Amkhola,আমখোলা
Amla,আমলা
Amlaba,আমলাবা
Amragachhia,আমরাগাছিয়া
Amrajuri,আমরাজুরি
Amratali,আমরাতলি
Amrool,আমরুল
Amta,আমতা
Amtail,আমতৈল
Amtala,আমতলা
Amtali,আমতলি
Amua,আমুয়া
Amura,আমুরা
Anaitara,আনাইতাড়া
Anandapur,আনন্দপুর
Anderchar,আন্দরচর
Andhar Manik,আন্ধার মানিক
Andhari Jhar,আন্ধারি ঝাড়
Andikot,আন্দিকোট
Andiurauk,আন্দিউরওক
Andulbaria,আন্দুলবাড়ীয়া
Anehola,আনেহোলা
Angar Para,অঙ্গারপাড়া
Angaria,আঙ্গারিয়া
Annadanagar,অন্নদানগর
Anowara,আনোয়ারা
Anulia,আনুলিয়া
Aolai,আওলাই
Aona,এওনা
Aorail,আওড়াইল
Arabpur,আরবপুর
Araibaria,আরাইবাড়িয়া
Araihazar,আরাইহাজার
Araisidha,আড়াইসিধা
Aranagar,আরানগর
Aranghata,আড়ংঘাটা
Arani,আরানি
Arani Paurashava,অরণি পৌরসভা
Arankhola,আরণখোলা
Arbab,আরবাব
Aria,আরিয়া
Arial,আড়িয়াল
Arjuna,অর্জুনা
Arjunpur Boromhati,র্জুনপুর বড়মহাটি
Arjuntala,অর্জুনতলা
Arpangashia,আরপাঙ্গাশিয়া
Arpara,অরপাড়া
Arshi Nagar,আরশি নগর
Arua,আরুয়া
Asad Pur,আসাদপুর
Asekpur,আসেকপুর
Asharkandi,আশারকান্দি
Ashidron,আশিদ্রোন
Ashikati,আশিকাঠি
Ashrafpur,আশরাফপুর
Ashta Manisha,অষ্ট মানিশা
Ashtadhar,অষ্টাধর
Ashtamir Char,অষ্টমীর চর
Ashugang,আশুগাং
Ashuganj (Uttar Araisidha),আশুগঞ্জ (উত্তর আরাইসিধা)
Ashulia,আশুলিয়া
Ashwadia,অশ্বদিয়া
Asia,এশিয়া
Askarpur,আসকরপুর
Aslampur,আসলামপুর
Asma,আসমা
Assasuni,আশাশুনি
Asujia,আসুজিয়া
Atabaha,আটবহ
Ataikola,আতাইকুলা
Atapur,আটাপুর
Atbar Pur (Paschim Chandina),আটবার পুর (পশ্চিম চান্দিনা)
Atgaon,আটগাঁও
Atghar,আটঘর
Atghar Kuriana,আটঘর কুড়িয়ানা
Atgharia Paurashava,আটঘরিয়া পৌরসভা
Atharabari,আঠারবাড়ি
Atharagashia,অথরাগাশিয়া
Atharakhada,অথরাখাদা
Atia,আটিয়া
Atigram,আতিগ্রাম
Atjuri,আটজুড়ি
Atlia,আটলিয়া
Atmul,আটমুল
Atpara,আটপাড়া
Atra Gilatala,আত্রা গিলাতলা
Atulia,অতুলিয়া
Auch Para,আউচ প্যারা
Aulia Pukur,আউলিয়া পুকুর
Auliapur,আউলিয়াপুর
Auria,আউরিয়া
Auskandi,আউসকান্দি
Ausnara,আউসনারা
Austagram,অস্টগ্রাম
Autshahi,আউটশাহী
Ayla Patakata,আয়লা পাতাকাটা
Aymarasulpur,আইমারাসুলপুর
Ayubpur,আইয়ুবপুর
Azampur,আজমপুর
Azimnagar,আজিমনগর
Azimpur,আজিমপুর
Aziznagar,আজিজনগর
Babra Hachla,বাবরা হাচলা
Babuchhara,বাবুছড়া
Babukhali,বাবুখালী
Babupara,বাবুপাড়া
Babuti Para,বাবুতি পাড়া
Bachamara,বাচামাড়া
Bachor,বাছর
Badair,বাদাইর
Badalgachhi,বাদলগাছি
Badalkut,বাদলকুট
Badalpur,বাদলপুর
Badar Pasha,বদর পাশা
Badarganj,বদরগঞ্জ
Badarkhali,বদরখালি
Badarpur,বদরপুর
Badda,বাড্ডা
Badhair,বধাইর
Badhal,বাধাল
Badiakhali,বাদিয়াখালি
Badla,বাদলা
Baga,বাগা
Bagachra,বগাছড়া
Bagadana,বগাদানা
Bagali,বগালি
Bagan Bazar,বাগান বাজার
Baganbari,বাগানবাড়ি
Bagar Char,বগার চর
Bagasura,বগাসুড়া
Bagat,বগাত
Bagati Para,বাগাতি পাড়া
Bagatipara Paurashava,বাগাতিপাড়া পৌরসভা
Bagdha,বাগধা
Bagerhat Paurashava,বাগেরহাট পৌরসভা
Bagha,বাঘা
Bagha Paurashava,বাঘা পৌরসভা
Baghaba,বাঘাবা
Baghadi,বাঘাদি
Baghai Chhari,বাঘাই ছড়ি
Baghaichhari Paurashava,বাঘাইছড়ি পৌরসভা
Baghbati,বাঘবতী
Baghber,বাঘবের
Bagher Para Paurashava,বাঘের পাড়া পৌরসভা
Baghil,বাঘিল
Baghmara,বাঘমারা
Baghmara Uttar,বাঘমারা উত্তর
Baghra,বাঘড়া
Baghutia,বাঘুটিয়া
Bagia,বাগিয়া
Bagjana,বাগজানা
Bagoan,বাগোয়ান
Bagulat,বাগুলাট
Bagura,বগুড়া
Bagutia,বাগুটিয়া
Bahadurabad,বাহাদুরাবাদ
Bahadurpur,বাহাদুরপুর
Bahadursadi,বাহাদুরসাদী
Bahagili,বাহাগিলি
Bahalbaria,বাহালবাড়িয়া
Bahara,বাহারা
Baharbunia,বহরবুনিয়া
Baharchhara,বাহারছড়া
Baharpur,বহরপুর
Baheratail,বাহেরাটাইল
Bahir Char,বাহির চর
Bahirdia Mansa,বাহিরদিয়া মানসা
Bahrampur,বাহরমপুর
Bahubal,বাহুবল
Bahugram,বহুগ্রাম
Bahuli,বাহুলি
Bahuria,বাহুরিয়া
Baidyer Bazar,বইদ্যের বাজার
Baikari,বাইকারি
Bailar,বাইলার
Bailchhari,বাইলছড়ি
Bailtali,বৈলতলী
Baintala,বাইনতলা
Baira (kewatkhali),বইরা (কেওয়াটখালী)
Bairag,বৈরাগ
Bairati,বৈরাটি
Bairchuna,বৈরচুনা
Baisakanda,বৈসাকান্দা
Baisari Para,বাইসারী পাড়া
Baishari,বাইশারী
Baishgaon,বাইশগাঁও
Bajitkhila,বাজিতখিলা
Bajitpur,বাজিতপুর
Bajitpur Paurashava,বাজিতপুর পৌরসভা
Bajnaba,বাজনাব
Bajra Jogini,বজরা জোগিনী
Bajua,বাজুয়া
Bajubagha,বাজুবাঘা
Bakai,বাকাই
Bakal,বাকাল
Bakaljora,বাকলজোড়া
Bakila,বাকিলা
Baksh Mohammad,বকশ মোহাম্মদ
Bakshaganj,বক্সগঞ্জ
Bakshanagar,বক্সানগর
Bakshiganj,বকশিগঞ্জ
Bakshimail,বকশিমাইল
Baksimail,বকশিমাইল
Bakta,বক্তা
Baktaballi,বকতাবল্লি
Baktapur,বক্তাপুর
Baktarpur,বক্তারপুর
Baktiarpur,বকতিয়ারপুর
Bakua,বাকুয়া
Bakulbaria,বকুলবাড়িয়া
Bala Para,বালা পাড়া
Balaganj,বালাগঞ্জ
Balagram,বলগ্রাম
Balaibunia,বালিবুনিয়া
Balair Char,বালাইর চর
Balaishimul,বলাইশিমুল
Balara,বালাড়া
Balarampur,বলারামপুর
Balarhat,বালারহাট
Baldhara,বলধারা
Baldia,বলদিয়া
Bali Para,বালি পাড়া
Balia,বালিয়া
Balia Dighi,বালিয়া দীঘি
Baliadanga,বালিয়াডাঙ্গা
Baliakandi,বালিয়াকান্দি
Baliakhora,বালিয়খোরা
Balian,বলিয়ান
Baliardi,বালিয়ারদি
Baliatali,বালিয়াতলি
Baliati,বালিয়াটি
Balibhadra,বলিভদ্র
Balidanga,বালিডাঙ্গা
Balidia,বালিদিয়া
Baligaon,বালিগাঁও
Balighata,বালিঘাটা
Baligram,বালিগ্রাম
Balihar,বালিহার
Balijuri,বালিজুড়ি
Balikhan,বালিখান
Balipara,বলিপাড়া
Balla,বল্লা
Ballabhdi,বল্লভদী
Ballabher Khas,বল্লভের খাস
Ballamjhar,বল্লমঝর
Balli,বাল্লী
Balua,বালুয়া
Balua Masimpur,বালুয়া মাছিমপুর
Baluakandi,বালুয়াকান্দি
Balubhara,বালুভড়া
Baluhar,বালুহার
Balukhali,বালুখালি
Balur Char,বালুর চর
Bamai,বামাই
Bamandanga,বামনডাঙ্গা
Bamandi,বামান্দি
Bambu,বাম্বু
Bamna,বামনা
Bamni,বামনী
Bamo Bilchari,বামু বিলছরি
Bamrail,বামরাইল
Bamunia,বামুনিয়া
Bana,বানা
Banagram,বনগ্রাম
Banail,বনাইল
Banari Para,বানারী পাড়া
Bandaber,বন্দবেড়
Bandabilla,বান্দাবিল্লা
Bandar,বন্দর
Bandarban,বান্দারবান
Bandarban Paurashava,বান্দারবান পৌরসভা
Bandarkhola,বন্দরখোলা
Bandhabari,বান্ধাবাড়ি
Banduk Bhanga,বন্দুক ভাঙ্গা
Bandura,বন্দুরা
Baneshwar,বনেশ্বর
Baneshwardi,বনেশ্বরদী
Bangakha,বঙ্গখা
Bangal Para,বাঙ্গাল পাড়া
Bangala,বাঙালা
Bangalhalia,বাঙ্গালহালিয়া
Bangalipur,বাঙালিপুর
Bangaltali,বাঙালতলি
Bangasonahat,বাঙাসোনাহাট
Bangla Bazar,বাংলা বাজার
Banglabandha,বাংলাবান্ধা
Bangodda,বাংগাড্ডা
Bangra,বাংড়া
Baniajan,বানিয়াজান
Baniajuri,
Banibaha,বানীবহ
Banihala,বানিহালা
Banishanta,বাণীশান্ত
Banjugi Chhara,বনজুগি ছড়া
Banka,বাঁকা
Bankra,বাঁকড়া
Banpara Paurashava,বানপাড়া পৌরসভা
Banshbaria,বাঁশবাড়িয়া
Banshchara,বাঁশছড়া
Banshdaha,বানশদহ
Banshgari,বাঁশগাড়ী
Banshgram,বাঁশগ্রাম
Banshkandi,বাঁশকান্দি
Banshkhali Paurashava,বাঁশখালী পৌরসভা
Banshtail,বাঁশটাইল
Banshtali,বাঁশতলি
Banwarinagar,বনওয়ারীনগর
Baola,বাওলা
Bapta,বাপতা
Bara Alampur,বড় আলমপুর
Bara Baisdia,বড় বাইশদিয়া
Bara Bakia,বড়া বাকিয়া
Bara Baria,বড় বাড়িয়া
Bara Bazar,বড় বাজার
Bara Bhita,বড় ভিটা
Bara Bighai,বড় বিঘাই
Bara Bihanali,বড় বিহানলী
Bara Chapa,বড়া চাপা
Bara Chatul,বড় চাটুল
Bara Dargah,বড় দরগাহ
Bara Dhul,বড়া ধুল
Bara Gopalpur,বড় গোপালপুর
Bara Harina,বড় হরিনা
Bara Harishpur,বড় হরিশপুর
Bara Hazratpur,বড় হজরতপুর
Bara Jalia,বড় জালিয়া
Bara Karai (uttar Bara Karai),বড় করাই (উত্তর বড় করাই)
Bara Kharpan,বড় খারপান
Bara Kheri,বড় খেড়ি
Bara Kotha,বড়াকোঠা
Bara Krishnagar,বড় কৃষ্ণনগর
Bara Machhua,বড় মাছুয়া
Bara Maheskhali,বড় মহেশখালি
Bara Malancha,বড় মালঞ্চ
Bara Manika,বড় মানিকা
Bara Palashbari,বড় পলাশবাড়ি
Bara Pangashi,বড় পাঙ্গাশি
Bara Para,বড় পাড়া
Bara Shalghar,বড় শালঘর
Bara Shashi,বড় শশী
Bara Thakuri,বড় ঠাকুরি
Bara Uthan,বড় উঠান
Barabagi,বড়বাগি
Barabala,বড়বালা
Barabari,বড়বাড়ী
Barabaria,বড়বারিয়া
Barabhita,বারভিটা
Barabil,বড়বিল
Barabkunda,বড়বকুন্ড
Baradal,বড়দল
Baradi,বরাদি
Baragachhi,বড়গাছি
Baragaon,বড়গাঁও
Baragharia,বড়ঘরিয়া
Baraghop,বড়ঘোপ
Baragram,বড়গ্রাম
Barahal,বড়হাল
Barahar,বড়হার
Barahatia,বড়হাতিয়া
Barahit,বড়হিত
Barai Para,বড়ই পাড়া
Baraid,বারাইদ
Baraigram,বড়ইগ্রাম
Baraigram Paurashava,বড়ইগ্রাম পৌরসভা
Baraikandi,বড়াইকান্দি
Baraikhali,বরাইখালী
Barail,বরাইল
Baraitali,বরাইতলী
Baraiuri,বরাইউড়ি
Barakanda,বারাকান্দা
Barakandi,বড়কান্দি
Barakhada,বড়খাদা
Barakhain,বারাখাইন
Barakhata,বারখাতা
Barakpur,বারাকপুর
Baralia,বড়ালিয়া
Barama,বরমা
Baramchal,বরমচাল
Baranala,বারনালা
Barapara,বড়পাড়া
Barasat,বারাসাত
Barat,বারাত
Baratali Banihari,বড়তলি বানিহারি
Baratia,বড়টিয়া
Barera,বাড়েরা
Bargachha,বড়গাছা
Barguna,বরগুনা
Barhatta,বড়হাট্টা
Baria,বারিয়া
Bariadyala,বাড়িয়াদ্যালা
Baribari,বারিবারি
Barikandi,বারিকান্দি
Barisal,বরিশাল
Barishaba,বাড়িসাবা
Barkait (purba Chandina Uni),বারকাইত (পূর্ব চান্দিনা ইউনি)
Barkal,বরকল
Barkamta,বরকামতা
Barkashia Biramp,বারকাশিয়া বিরামপ
Barlekha,বারলেখা
Barlekha Paurashava,বারলেখা পৌরসভা
Barmachhari,বরমছড়ি
Barmi,বারমী
Barni,বাড়নি
Baroiar Hat Paurashava,বাড়ইয়ার হাট পৌরসভা
Barrah,বাররাহ
Barshail,বারশাইল
Barthi,বারথি
Baruakhali,বড়ুয়াখালী
Barudia,বারুদিয়া
Baruhas,বারুহাস
Barui Para,বারুই পাড়া
Baruia,বাড়ুইয়া
Barura Paurashava,বাড়ুড়া পৌরসভা
Basail,বাসাইল
Basan,বাসান
Basanda,বাসান্দা
Basantapur,বসন্তপুর
Basati,বসতি
Basikpur,বাসিকপুর
Basta,বস্তা
Basu Para,বাসু পাড়া
Basuari,বাসুয়ারি
Basudeb,বাসুদেব
Basudebpur,বসুদেবপুর
Basundia,বসুন্দিয়া
Basurhat Paurashava,বসুরহাট পৌরসভা
Bataiya,বাটাইয়া
Batajore,বাতাজোর
Batakashi (purba Silpur),বাটাকাশি (পূর্ব শিলপুর)
Batamara,বাটামারা
Batara,বাটারা
Batiaghata,বাটিয়াঘাটা
Batikamari,বাটিকামারি
Batisha,বাতিশা
Batnatali,বাটনাতলি
Battajore,বাটাজোর
Battali,বাট্টালি
Bauisena,বায়ুসেনা
Baulai,বাউলাই
Baultali,বাউলতলি
Bauphal,বাউফল
Baura,বাউড়া
Bauria,বাউরিয়া
Bausa,বাউশা
Bausha,বাউশা
Baushi,বাউশি
Bausia,বাউসিয়া
Bayaragadi,বায়ারগাদি
Bayek,বায়েক
Bayratala Dakshin,বয়রাতলা দক্ষিণ
Bayratala Uttar,বয়রাতলা উত্তর
Bazalia,বাজালিয়া
Bazra,বাজরা
Beani Bazar,বিয়ানী বাজার
Beani Bazar Paurashava,বিয়ানী বাজার পৌরসভা
Begampur,বেগমপুর
Begumganj,বেগমগঞ্জ
Begunbari,বেগুনবাড়ি
Beheli,বেহেলি
Beimar,বেইমার
Bejgaon,বেজগাঁও
Bejoybagh,বিজয়বাগ
Bekra,বেকড়া
Belabo,বেলাবো
Belai Chhari,বেলাই ছড়ি
Belaichandi,বেলাইচান্দি
Belchhari,বেলছড়ি
Belgachha,বেলগাছা
Belgachhi,বেলগাছি
Belghar,বেলঘর
Belghar Uttar,বেলঘর উত্তর
Belka,বেলকা
Belkuchi,বেলকুচি
Belkuchi Paurashava,বেলকুচি পৌরসভা
Belpukuria,বেলপুকুড়িয়া
Beltail,বেলতৈল
Bemarta,বেমারতা
Benail,বেনাইল
Benapole,বেনাপোল
Benapole Paurashava,বেনাপোল পৌরসভা
Benghari Banagram,বেনঘরি বনগ্রাম
Bera Paurashava,বেরা পৌরসভা
Beraid,বেরাইদ
Berubari,বেরুবারি
Betaga,বেতাগা
Betagair,বেতাগাইর
Betagi,বেতাগী
Betagi Sankipura,বেতাগী সানকিপুরা
Betbaria,বেতবাড়িয়া
Betbunia,বেতবুনিয়া
Betdighi,বেতদিঘী
Betgari,বেতগাড়ি
Bethuri,বেথুরি
Betila Mitara,বেতিলা মিটাড়া
Betka,বেতকা
Betkapa,বেতকাপা
Betmari Ghughurakandi,বেতমারি ঘুঘুরাকান্দি
Betmore Rajpara,বেতমোর রাজপাড়া
Bhabaniganj,ভবানীগঞ্জ
Bhabanigonj Paurashava,ভবনীগঞ্জ পৌরসভা
Bhabanipur,ভবানীপুর
Bhaber Char,ভাবের চর
Bhabicha,ভাবিচা
Bhabkhali,ভাবখালী
Bhabki,ভাবকি
Bhabrasur,ভাবারসুর
Bhadai,ভাদাই
Bhadeshwar,ভাদেশ্বর
Bhadra,ভদ্র
Bhadrabila,ভদ্রবিলা
Bhadraghat,ভদ্রঘাট
Bhadrasan,ভদ্রসান
Bhadsa,ভাদসা
Bhadur,ভাদুর
Bhaduria,ভাদুরিয়া
Bhagyakul,ভাগ্যকুল
Bhaibonchhara,ভাইবোনছড়া
Bhairab Paurashava,ভৈরব পৌরসভা
Bhaitkandi,ভাইটকান্দি
Bhakurta,ভাকুরতা
Bhalaguri,ভালাগুড়ি
Bhalain,ভালাইন
Bhaluka,ভালুকা
Bhaluka Paurashava,ভালুকা পৌরসভা
Bhalukgachhi,ভালুকগাছি
Bhandar Para,ভাণ্ডার পাড়া
Bhandara,ভান্ডারা
Bhandarbari,ভান্ডারবাড়ি
Bhandaria,ভান্ডারিয়া
Bhandarikandi,ভান্ডারিকান্দি
Bhanderkote,ভান্ডারকোট
Bhanga Paurashava,ভাঙ্গা পৌরসভা
Bhangabari,ভাঙ্গাবাড়ি
Bhangabaria,ভাঙ্গাবাড়িয়া
Bhangamon,ভাঙ্গামন
Bhangnamari,ভাঙ্গনামাড়ি
Bhangni,ভাঙ্গনি
Bhangura,ভাঙ্গুরা
Bhangura Paurashava,ভাঙ্গুরা পৌরসভা
Bhani,ভানি
Bhanor,ভানর
Bhaora,ভাওড়া
Bhar Pasha,ভার পাশা
Bhara,ভাড়া
Bhara Simla,ভাড়া শিমলা
Bharabpasha,ভাড়াবপাশা
Bharadoba,ভরাডোবা
Bharara,ভরারা
Bhararia,ভারারিয়া
Bharella,ভাড়েল্লা
Bharso,ভারসো
Bhartkhali,ভরতখালী
Bharuakhali,ভারুয়াখালি
Bhasan Char,ভাসান চর
Bhasania,ভাসানিয়া
Bhasanya Adam,ভাসান্যা আদম
Bhashanchar,ভাষানচর
Bhatara,ভাটারা
Bhatera,ভাটেরা
Bhatgaon,ভাটগাও
Bhatgram,ভাতগ্রাম
Bhati Para,ভাটি পাড়া
Bhatiari,ভাটিয়ারি
Bhatikhain,ভাটিখাইন
Bhatra,ভাটরা
Bhatsala,ভাতসালা
Bhaturia,ভাটুরিয়া
Bhawal,ভাওয়াল
Bhaya Lakshmipur,ভায়া লক্ষ্মীপুর
Bhayna,ভায়না
Bhedarganj Paurashava,ভেদারগঞ্জ পৌরসভা
Bhedaria,ভেদারিয়া
Bhelabari,ভেলাবাড়ি
Bhelu Miah,ভেলু মিয়া
Bhelua,ভেলুয়া
Bhendabari,ভেন্ডাবাড়ি
Bheola Manik Char,ভেওলা মানিক চর
Bheramara Paurashava,ভেড়ামারা পৌরসভা
Bherbheri,ভেড়ভেড়ি
Bhiail,ভিয়াইল
Bhimpur,ভিমপুর
Bhitabaria,ভিটাবাড়িয়া
Bhitarband,ভিটারবন্দ
Bhogdabari,ভোগদাবাড়ি
Bhogdanga,ভোগডাঙ্গা
Bhognagar,ভোগনগর
Bhojanpur,ভোজনপুর
Bhojanpur Debnagar,ভোজনপুর দেবনগর
Bhojeshwar,ভোজেশ্বর
Bhojgati,ভোজগতি
Bhojpatia,ভোজপাটিয়া
Bholaba,ভোলাবা
Bholahat,ভোলাহাত
Bholain (Dakshin),ভোলাইন (দক্ষিণ)
Bholain (Uttar),ভোলাইন (উত্তর)
Bholakot,ভোলাকোট
Bhomra,ভোমরা
Bhomradaha,ভোমড়াদহ
Bhopara,ভোপাড়া
Bhotemari,ভোটমারী
Bhuapur Paurashava,ভুয়াপুর পৌরসভা
Bhubankura,ভুবনকুরা
Bhujpur,ভুজপুর
Bhukshimail,ভুক্ষিমাইল
Bhulbaria,ভূলবাড়িয়া
Bhumkhara,ভূমখাড়া
Bhunabir,ভুনাবির
Bhurulia,ভুরুলিয়া
Bhurungamari,ভুরুংগামারি
Bhushan Chhara,ভূষণ ছড়া
Biaghat,বিয়াঘাট
Bibichini,বিবিচিনি
Bichhali,বিছালি
Biddyakut,বিদ্যাকুট
Bidyananda,বিদ্যানন্দ
Bidyanandakati,বিদ্যানন্দকাঠি
Bidyanandapur,বিদ্যানন্দপুর
Bihar,বিহার
Bijhari,বিঝাড়ি
Bijora,বিজোড়া
Bijoypur,বিজয়পুর
Bilasbari,বিলাসবাড়ী
Bilaspur,বিলাসপুর
Bilchalan,বিলচলন
Bildora,বিলডোরা
Bilmaria,বিলমাড়িয়া
Binajuri,বিনাজুড়ি
Binauti,বিনাউতি
Binnati,বিন্নাতি
Binodepur,বিনোদপুর
Binodnagar,বিনোদনগর
Binodpur,বিনোদপুর
Binoykati,বিনয়কাটি
Binyabaid,বিন্নাবাইদ
Bipra Belgharia,বিপ্র বেলঘড়িয়া
Bipulasar,বিপুলসার
Bir Basunda,বীর বাসুন্দা
Bir Kedar,বীর কেদার
Birail Palita,বিরাইল পালিতা
Biral,বিরল
Biralia,বিরলিয়া
Birasree,বিরাশ্রী
Birgaon,বীরগাঁও
Birhati,বিরহাটি
Birisiri,বিরিশিরি
Birtara,বিরতারা
Birunia,বিরুনিয়া
Bisarkandi,বিসরকান্দি
Bisha,বিশা
Bishalpur,বিশালপুর
Bishka,বিশ্কা
Bishkakuni,বিশকাকুনি
Bishnandi,বিষ্ণান্দি
Bishnupur,বিষ্ণুপুর
Bishwanath,বিশ্বনাথ
Bitara,বিটারা
Biteshwar,বিটেশ্বর
Bitghar (tiara),বিটঘর (টিয়ারা)
Bitikandi,বিটিকান্দি
Boaldar,বোয়ালদার
Boali,বোয়ালি
Boalia,বোয়ালিয়া
Boaljur Bazar,বোয়ালজুর বাজার
Boalkhali,বোয়ালখালী
Boalmari,বোয়ালমারী
Boalmari Paurashava,বোয়ালমারী পৌরসভা
Boda,বোদা
Bogachatar,বগাচাতার
Bogra Paurashava,বগুড়া পৌরসভা
Bohail,বোহাইল
Bokainagar,বোকাইনগর
Bolakot,বোলাকোট
Boldia,বলদিয়া
Bonar Para,বোনার পাড়া
Boragari,বোড়াগাড়ি
Boranal Eliasabad,বড়নাল ইলিয়াসাবাদ
Borar Char,বোরর চর
Borasi,বোরাসি
Bothlagari,বথলাগাড়ি
Bougla Bazar,বৌগলা বাজার
Boyra,বয়রা
Brahma Rajpur,ব্রহ্ম রাজপুর
Brahmagachha,ব্রাহ্মগাছা
Brahman Bazar,ব্রাহ্মণ বাজার
Brahman Para,ব্রাহ্মণ পাড়া
Brahmanbaria Paurashava,ব্রাহ্মণবাড়িয়া পৌরসভা
Brahmandi,ব্রাহ্মণ্দি
Brahmapur,ব্রহ্মপুর
Bri-lahiribari,ব্রি-লাহিরিবাড়ি
Budbari Bazar,বুড়বাড়ি বাজার
Budhal,বুধাল
Budhanti,বুধান্তি
Budhhata,বুদ্ধাটা
Bukabunia,বুকাবুনিয়া
Bulakipur,বুলাকিপুর
Bulla,বুল্লা
Bulta,বুলতা
Bunagati,বুনাগতী
Bura Mazumdar,বুড়া মজুমদার
Buraburi,বুড়াবুড়ি
Buraich,বুড়াইচ
Burail,বুরাইল
Buri Goalini,বুড়ি গোয়ালিনী
Burichang,বুরিচং
Buriganj,বুড়িগঞ্জ
Burighat,বুড়িঘাট
Burimari,বুড়িমাড়ি
Buripota,বুড়িপোতা
Burir Char,বুড়িরচর
Burirdanga,বুড়িডাঙ্গা
Burishwar,বুড়িশ্বর
Burumchhara,বুড়ুমছড়া
Burunga,বুরুঙ্গা
Chaitrakul,চৈত্রকুল
Chak Barkat,চক বরকত
Chak Kirti,চক কির্তি
Chak Mirpur,চক মিরপুর
Chak Radha,চক রাধা
Chakamaiya,চাকামাইয়া
Chakaria Paurashava,চাকরিয়া পৌরসভা
Chakhar,চাকহার
Chakirpashar,চাকিরপাশার
Chakla,চাকলা
Chaklarhat,চাকলারহাট
Chakmarkul,চাকমারকুল
Chakua,চাকুয়া
Chala,চালা
Chalak Char,চালাক চর
Chalbala,চলবলা
Chalibhanga,চালিভাঙ্গা
Chalishia,চালিশিয়া
Chalitabunia,চালিতাবুনিয়া
Chalitadanga,চালিতাডাঙ্গা
Challisha,চল্লিশা
Chalna Paurashava,চালনা পৌরসভা
Chaluabari,চালুয়াবাড়ি
Chaluahati,চালুয়াহাটি
Chamardani,চামারদানি
Chamari,চামারি
Chambal,চাম্বল
Champaknagar,চম্পকনগর
Champaphul,চম্পাফুল
Champapur,চাম্পাপুর
Chamrul,চামরুল
Chamta,চামটা
Chanchari,চাঁচাড়ি
Chanchra,চাঁচড়া
Chandaikona,চান্দাইকোনা
Chandan Baisha,চন্দন বৈশা
Chandan Nagar,চন্দন নগর
Chandanaish Paurashava,চন্দনাইশ পৌরসভা
Chandanbari,চন্দনবাড়ি
Chandani,চান্দনী
Chandanpat,চন্দনপাট
Chandanpur,চন্দনপুর
Chandas,চান্দাস
Chandba,চাঁদবা
Chander Char,চান্দের চর
Chanderkandi,চাঁদেরকান্দি
Chandgaon,চাঁদগাঁও
Chandgram,চাঁদগ্রাম
Chandhar,চান্দহর
Chandi,চন্দী
Chandi Pasha,চন্দী পাশা
Chandibarpur,চান্দিবরপুর
Chandigarh,চান্দিগড়
Chandighat,চান্দিঘাট
Chandina Paurashava,চান্দিনা পৌরসভা
Chandipasha,চন্ডিপাশা
Chandipur,চণ্ডিপুর
Chandkhali,চাঁদখালি
Chandkhana,চাঁদখানা
Chandla,চান্দলা
Chandnandi,চাঁদনন্দি
Chandpai Range,চাঁদপাই রেঞ্জ
Chandpasha,চাঁদপাশা
Chandpi,চাঁদপি
Chandpur,চাঁদপুর
Chandpur Paurashava,চাঁদপুর পৌরসভা
Chandra,চন্দ্রা
Chandra Dighalia,চন্দ্রা দিঘলিয়া
Chandra Mohan,চন্দ্রমোহন
Chandraganj,চন্দ্রগঞ্জ
Chandraghona,চন্দ্রঘোনা
Chandraghona Kadamtali,চন্দ্রঘোনা কদমতলী
Chandrakona,চন্দ্রকোনা
Chandrapur,চন্দ্রপুর
Chandshi,চাঁদশি
Chandura,চান্দুরা
Chanduria,চান্দুরিয়া
Changdhupail,চংধুপইল
Chanhara,চানহারা
Chaora Bargachha,চাওড়া বারগাছা
Chapai Nababganj Paurashava,চাঁপাই নবাবগঞ্জ পৌরসভা
Chapair,চাপাইর
Chapartala,চাপারতলা
Chapila,চাপিলা
Chapitala,চাপিতালা
Chapra,চাঁপড়া
Chapra Saramjani,চাপড়া সরমজানি
Chaprashirhat,চাপরাশিরহাট
Char Abdullah,চার আব্দুল্লাহ
Char Alexandar,চর আলেকজান্ডার
Char Algi,চর আলগি
Char Amaddi,চর আমদ্দি
Char Amanullah,চর আমানুল্লাহ
Char Anupnagar,চর অনুপনগর
Char Aomkhaoa,চর আওমখাওয়া
Char Aralia,চর আড়ালিয়া
Char Ashariadaha,চর আশারিয়াদহ
Char Ashtadhar,চর অষ্টাধর
Char Atra,চর আত্রা
Char Bagdanga,চর বাগডাঙ্গা
Char Baniari,চর বানিয়ারি
Char Banipakuri,চর বানিপাকুড়ি
Char Baria,চর বাড়িয়া
Char Bata,চর বাটা
Char Bedam,চর বেদম
Char Bhadrasan,চর ভদ্রসান
Char Bhaga,চর ভাগা
Char Bhairabi,চর ভৈরবী
Char Bhurungamari,চর ভুরুংগামারি
Char Bhuta,চর ভুটা
Char Bishnupur,চর বিষ্ণুপুর
Char Biswas,চর বিশ্বাস
Char Census,চর সেন্সাস
Char Chandia,চর চন্ডিয়া
Char Chartala,চর চারতলা
Char Clerk,চর ক্লার্ক
Char Darbesh,চর দরবেশ
Char Daulat Khan,চর দৌলত খান
Char Dighaldi,চর দিঘলদি
Char Duanti,চর দুয়ান্তি
Char Ekkaria,চর এক্কারিয়া
Char Elahi,চর এলাহি
Char Fakira,চর ফকিরা
Char Falcon,চর ফলকন
Char Faradi,চর ফরাদি
Char Gazi,চর গাজী
Char Girish,চর গিরিশ
Char Goalini,চর গোয়ালিনী
Char Gopalpur,চর গোপালপুর
Char Harirampur,চার হরিরামপুর
Char Hazari,চর হাজারি
Char Ishwar,চর ঈশ্বর
Char Ishwardia,চর ঈশ্বরদিয়া
Char Islmapur,চর ইসলামপুর
Char Jabbar,চর জব্বার
Char Janajat,চর জনজাত
Char Jasordi,চর যশোরদি
Char Jhaukanda,চর ঝাউকন্দ
Char Jubille,চর জুবিলি
Char Kadira,চর কাদিরা
Char Kajal,চর কাজল
Char Kakra,চর কাকরা
Char Kalekhan,চর কালেখান
Char Kalkini,চর কালকিনি
Char Kalmi,চর কালমি
Char Kewar,চর কেওয়ার
Char Khalifa,চর খলিফা
Char King,চর কিং
Char Kowa,চর কোয়া
Char Kukri Mukri,চর কুকরি মুকরি
Char Kumaria,চর কুমাড়িয়া
Char Lakshya,চর লক্ষ্যা
Char Lawrence,চর লরেন্স
Char Madhabdia,চর মাধবদিয়া
Char Madhua,চর মাধুয়া
Char Madras,চর মাদ্রাজ
Char Majlishpur,চর মজলিশপুর
Char Manair,চর মানাইর
Char Mandalia,চরমান্দালিয়া
Char Manika,চর মানিকা
Char Martin,চর মার্টিন
Char Matua,চর মাতুয়া
Char Mohana,চর মোহনা
Char Monai,চর মোনাই
Char Montaz,চর মোন্তাজ
Char Mucharia,চর মুচারিয়া
Char Nasirpur,চর নাসিরপুর
Char Nilakshmia,চর নীলাক্ষ্মীয়া
Char Pakerdaha,চর পাকেরদহ
Char Pakshimari,চরপক্ষীমারি
Char Parbati,চর পরবতী
Char Pata,চর পাতা
Char Patharghata,চর পাথারঘাটা
Char Poragacha,চর পোড়াগাছ
Char Putimari,চর পুটিমারি
Char Rajibpur,চর রাজিবপুর
Char Ramani Mohan,চর রামানী মোহন
Char Ramiz,চর রমিজ
Char Ruhita,চর রুহিতা
Char Samaia,চর সমাইয়া
Char Sherpur,চর শেরপুর
Char Shibpur,চর শিবপুর
Char Sindur,চর সিন্দুর
Char Subuddi,চর সুবুদ্দি
Char Tarapur,চর তারাপুর
Char Ujilaba,চর উজিলাবা
Char Wapda,চর ওয়াপদা
Charadi,চরাদি
Charaikhola,চরইখোলা
Charamba,চরম্বা
Charandwip,চরনদ্বীপ
Charati,চারতি
Charghat,চারঘাট
Charghat Paurashava,চারঘাট পৌরসভা
Charigram,চারিগ্রাম
Charikata,চারিকটা
Charkatari,চরকাটারি
Charkhai,চারখাই
Charmohalla Union,চরমোহল্লা ইউনিয়ন
Charnar Char,চারনার চার
Charol,চারওল
Charsai,চরসাই
Chashirhat,চাষিরহাট
Chatalpar,চাতালপাড়
Chatari,চাতারি
Chatkhil Paurashava,চাটখিল পৌরসভা
Chatmohar Paurashava,চাটমোহর পৌরসভা
Chatra,চাত্রা
Chatul,চাটুল
Chauddagram,চৌদ্দগ্রাম
Chauddagram Paurashava,চৌদ্দগ্রাম পৌরসভা
Chauddasata,চৌদ্দশত
Chaufaldandi,চাউফলদন্ডি
Chaugachha,চৌগাছা
Chaugachha Paurashava,চৌগাছা পৌরসভা
Chauganga,চৌগঙ্গা
Chaugram,চৌগ্রাম
Chauhat,চৌহাত
Chaukibari,চৌকিবাড়ী
Chaulia,চৌলিয়া
Chaumohani Paurashava,চৌমোহনী পৌরসভা
Chehelgazi,চেহেলগাজি
Chenchri Rampur,চেনচরী রামপুর
Chengi,চেঙ্গি
Chengmari,চেংমাড়ি
Cheora,চেওরা
Cheragpur,চেরাগপুর
Chhagalnaiya Paurashava,ছাগলনাইয়া পৌরসভা
Chhaikhola,ছাইখোলা
Chhaliakandi,ছালিয়াকান্দি
Chhangachha,ছাঁগাছা
Chhanua,ছানুয়া
Chhaola,ছাওলা
Chhaor,ছাওড়
Chhaparhati,ছাপাড়হাটি
Chhatail,ছাতাইল
Chhatak,ছাতক
Chhatak Paurashava,ছাতক পৌরসভা
Chhatar Dighi,ছাতার দিঘি
Chhatarpaia,ছাতারপাইয়া
Chhatiain,ছতিয়াইন
Chhatian,ছাতিয়ান
Chhatiangram,ছাতিয়ানগ্রাম
Chhatir Char,ছাতির চর
Chhatni,ছাতনী
Chhayani,ছায়ানী
Chhaygaon,ছয়গাঁও
Chhaysuti,ছায়সুটি
Chhibatali,চিবতলী
Chhinai,ছিনাই
Chhiram,ছিরাম
Chhota Bagi,ছোট বাগি
Chhota Baisdia,ছোট বাইশদিয়া
Chhota Bhakla,ছোট ভাকলা
Chhota Bighai,ছোট বিঘাই
Chhotamohes Khali,ছোটমহেশ খালী
Chikajani,চিকাজানী
Chikandandi,চিকনদন্ডি
Chikandi,চিকন্দি
Chikashi,চিকাশি
Chikdair,চিকদাইর
Chiknagul,চিকনাগুল
Chiknikandi,চিকনিকান্দি
Chila,চিলা
Chilahati,চিলাহাটি
Chilar Char,ছিলার চর
Chilarang,চিলারং
Chilmari,চিলমারি
Chinadulli,চিনাডুলি
Chingrakhali,চিংড়াখালি
Chinishpur,চিনিশপুর
Chira Para Parsaturia,চিড়া পাড়া পরসাতুরিয়া
Chirang,চিরাং
Chiringa,চিরিংগা
Chitadda,চিতড্ডা
Chitalia,চিতালিয়া
Chitalmari,চিতলমারি
Chithalia,চিথালিয়া
Chithla,চিথলা
Chithulia,চিথুলিয়া
Chitmaram,চিতমারাম
Chitrakot,চিত্রাকোট
Chokhyong,চৈক্ষ্যাং
Chopinagar,চোপিনগড়
Chouara,চৌয়াড়া
Chowdala,চৌদালা
Chowmohani,চৌমুহনী
Chowra,চৌরা
Chuadanga Paurashava,চুয়াডাঙ্গা পৌরসভা
Chukaibari,চুকাইবাড়ি
Chumordi,চুমরদি
Chunarughat,চুনারুঘাট
Chunarughat Paurashava,চুনারুঘাট পৌরসভা
Chunati,চুনাটি
Chunkhola,চুনখোলা
Chunta,চুন্টা
Churain,চুড়াইন
Churamankati,চুরামানকাঠি
Comilla Dakshin Paurashava,কুমিল্লা দক্ষিণ পৌরসভা
Comilla Paurashava,কুমিল্লা পৌরসভা
Cox's Bazar Paurashava,কক্সবাজার পৌরসভা
Dabar,ডাবোর
Dabua,ডাবুয়া
Dacope,দাকোপ
Dadpur,দাদপুর
Dadshi,দাদশী
Daganbhuiyan,দাগনভূইয়া
Daganbhuiyan Paurashava,দাগনভূইয়া পৌরসভা
Dahabanda,দহবান্দা
Dahagram,দহগ্রাম
Dahia,দাহিয়া
Daibagnyahati,দৈবজ্ঞহাটি
Daihari,দৈহারি
Daipukuria,দাইপুকুরিয়া
Dakatia,ডাকাতিয়া
Dakhin D.bhurshi,দক্ষিণ দেভুড়শী
Dakhsin Nayergaon,দক্ষিণ নায়েরগাঁও
Dakshin  Sukhairrajapur,দক্ষিণ সুখাইরাজাপুর
Dakshin Akhaura,দক্ষিণ আখাউরা
Dakshin Algi Durgapur,দক্ষিণ আলগী দুর্গাপুর
Dakshin Badaghat,দক্ষিণ বাদাঘাট
Dakshin Badal,দক্ষিণ বাদল
Dakshin Banchharampur,দক্ষিণ বাঞ্ছারামপুর
Dakshin Banigram,দক্ষিণ বানিগ্রাম
Dakshin Bedkashi,দক্ষিণ বেদকাশি
Dakshin Bishiura,দক্ষিন বিশিউড়া
Dakshin Bongshikunda,দক্ষিণ বংশীকুণ্ড
Dakshin Dakshinbhagh,দক্ষিণ দক্ষিণভাগ
Dakshin Dhamti,দক্ষিণ ধামতি
Dakshin Dhurung,দক্ষিণ ধুরুং
Dakshin Dighaldi,দক্ষিণ দিঘলদি
Dakshin Dowarabazar,দক্ষিণ দোয়ারাবাজার
Dakshin Durgapur,দক্ষিণ দুর্গাপুর
Dakshin Elliotganj,দক্ষিণ এলিয়টগঞ্জ
Dakshin Faridganj,দক্ষিণ ফরিদগঞ্জ
Dakshin Gandharbapur,দক্ষিণ গন্ধরবাপুর
Dakshin Gobindapur,দক্ষিণ গোবিন্দপুর
Dakshin Gohat,দক্ষিণ গোহাট
Dakshin Gunaighar,দক্ষিণ গুনাইঘর
Dakshin Hamchadi,দক্ষিণ হামছড়ি
Dakshin Islampur,দক্ষিণ ইসলামপুর
Dakshin Jhalam,দক্ষিণ ঝলম
Dakshin Joynagar,দক্ষিণ জয়নগর
Dakshin Kachua,দক্ষিণ কাচুয়া
Dakshin Kalocho,দক্ষিণ কালোচো
Dakshin Khali Union,দক্ষিণ খালী ইউনিয়ন
Dakshin Khosbas,দক্ষিণ খোসবাস
Dakshin Khurma,দক্ষিণ খুরমা
Dakshin Madarsha,দক্ষিণ মাদার্শা
Dakshin Maij Para,দক্ষিণ মাইজ পারা
Dakshin Meher,দক্ষিণ মেহের
Dakshin Mithachhari,দক্ষিণ মিঠাছড়ি
Dakshin Natai,দক্ষিণ নাটাই
Dakshin Paik Para,দক্ষিণ পাইকপাড়া
Dakshin Paschim Baniyachang,দক্ষিণ পশ্চিম বানিয়াচং
Dakshin Purba Baniyachang,দক্ষিণ পূর্ব বানিয়াচং
Dakshin Ramchandrapur,দক্ষিণ রামচন্দ্রপুর
Dakshin Roysree,দক্ষিণ রায়শ্রী
Dakshin Rupsa,দক্ষিণ রূপসা
Dakshin Sakuchia,দক্ষিণ সাকুচিয়া
Dakshin Shahabajpur,দক্ষিণ শাহাবাজপুর
Dakshin Shilmuri,দক্ষিণ শিলমুড়ি
Dakshin Shuhilpur,দক্ষিণ সুহিলপুর
Dakshin Singerbil,দক্ষিণ সিঙ্গারবিল
Dakshin Sreepur,দক্ষিণ শ্রীপুর
Dakshin Suchi Para,দক্ষিণ সুচিপাড়া
Dakshin Upadi,দক্ষিণ উপাদী
Dakshingaon (Part),দক্ষিণগাঁও (অংশ)
Dakshinkhan (Part),দক্ষিণখান (অংশ)
Dakshinkhan (part),দক্ষিণখান (অংশ)
Dakshinpara Union,দক্ষিণপাড়া ইউনিয়ন
Dakua,ডাকুয়া
Dalagram,দলগ্রাম
Dalal Bazar,দালাল বাজার
Dalbuganj,ডালবুগঞ্জ
Daldali,দলদলি
Daldalia,দলদলিয়া
Dalpa,দলপা
Damiha,দামিহা
Damkur,দামকুর
Damodar,দামোদর
Damodarpur,দামোদরপুর
Dampara,দমপাড়া
Damudya Paurashava,ডামুড্যা পৌরসভা
Damurhuda,দামুড়হুদা
Dana Patali,দানাপাটুলী
Dandapal,দন্ডপাল
Danga,ডাঙ্গা
Dangdhara,ডাংধরা
Dangi,ডাঙ্গি
Dangi Para,ডাঙ্গি পাড়া
Dantbhanga,দাঁতভাঙ্গা
Danthia Bamangram,দাতিয়া বামনগ্রাম
Dantmara,দাঁতমারা
Danya,দাইন্যা
Daoabari,দাওয়াবাড়ি
Daogaon,দাওগাঁও
Dapdapia,ড্যাপডাপিয়া
Dapunia,দাপুনিয়া
Daragram,দড়গ্রাম
Darajhat,দরাজহাট
Darbarpur,দরবারপুর
Darbasta,দরবস্তা
Darbeshpur,দরবেশপুর
Dari Char Khajuria,দাড়ি চর খাজুরিয়া
Dariadaulat,দরিয়াদৌলত
Darial,দাড়িয়াল
Dariapur,দারিয়াপুর
Darora,দারোরা
Darshan Para,দর্শন পাড়া
Darshana,দর্শনা
Darshana Paurashava,দর্শনা পৌরসভা
Darul Aman,দারুল আমান
Dasar,দাসার
Dasghar,দাসঘর
Dasher Bazar,দাসের বাজার
Dashkia,দশকিয়া
Dashmina,দশমিনা
Dashuria,দাশুরিয়া
Daspara,দাসপাড়া
Datta Para,দত্তপাড়া
Datter Bazar,দত্তের বাজার
Dauatala,দাউতলা
Daudkandi Paurashava,দাউদকান্দি পৌরসভা
Daudkhali,দাউদখালি
Daudpur,দাউদপুর
Daukar Char,ডৌকারচর
Dauki,ডাউকি
Daulatdia,দৌলতদিয়া
Daulatpur,দৌলতপুর
Daulatpur (Purba Panchgachh),দৌলতপুর (পূর্ব পাঁচগাছি)
Daulkhar,দৌলখার
Dayamir,দয়ামির
Dayarampur,দয়ারামপুর
Debagram,দেবগ্রাম
Debhata,দেবহাটা
Debidoba,দেবিডোবা
Debidwar,দেবীদ্বার
Debidwar Paurashava,দেবীদ্বার পৌরসভা
Debiganj,দেবীগঞ্জ
Debinagar,দেবিনগর
Debipur,দেবীপুর
Debottar,দেবত্তর
Debpara,দেবপাড়া
Decreerchar,ডিক্রিরচর
Dehergati,দেহেরগাতি
Dehunda,দেহুন্দা
Delduar,দেলদুয়ার
Deluabari,দেলুয়াবাড়ি
Deluti,দেলুটি
Dema,ডেমা
Demra,ডেমরা
Demra (part),ডেমরা (অংশ)
Demusia,দেমুশিয়া
Deoghar,দেওঘর
Deokalas,দেওকলস
Deokhola,দেওখোলা
Deoli,দেওলি
Deopara,দেওপাড়া
Deor,দেওড়
Deora,দেওড়া
Deorgachh,দেওড়গাছ
Deoti,দেওটি
Derai Paurashava,দেরাই পৌরসভা
Derai Sarmangal,দেরাই সরমঙ্গল
Deshigram,দেশীগ্রাম
Deula,দেউলা
Deulabari,দেউলাবাড়ি
Deuli,দেউলি
Deuli Subidkhali,দেউলি সুবিদখালি
Dewan Bazar,দেওয়ান বাজার
Dewanganj,দেওয়ানগঞ্জ
Dewanganj Paurashava,দেওয়ানগঞ্জ পৌরসভা
Dhainagar,ধাইনগর
Dhaka Dakshin,ঢাকা দক্ষিণ
Dhakhin Tarabunia,দক্ষিণ তারাবুনিয়া
Dhaki,ঢাকি
Dhakkamara,ধাক্কামারা
Dhakua,ধাকুয়া
Dhakuria,ধাকুরিয়া
Dhal Char,ধল চর
Dhala,ধলা
Dhala Mulgaon,ধলা মুলগাঁও
Dhala Para,ধলা পাড়া
Dhalahar,ধলাহার
Dhalai,ধলাই
Dhalar Char,ধলার চর
Dhalbaria,ধলবাড়িয়া
Dhalghat,ধলঘাট
Dhalghata,ধালঘাটা
Dhalgram,ধলগ্রাম
Dhalhara Chandra,ধলহার চন্দ্র
Dhali Gaurnagar,ডালি গৌরনগর
Dhalia,ঢালিয়া
Dhaljora,ধলজোরা
Dhalla,ধল্লা
Dhalua,ধালুয়া
Dhamainagar,ধামাইনগর
Dhamair,ধামাইর
Dhamalia,ধামালিয়া
Dhamgar,ধামগড়
Dhamghar,ধামঘর
Dhamoirhat,ধামইরহাট
Dhamoirhat Paurashava,ধামইরহাট পৌরসভা
Dhamor,ধামর
Dhamrai,ধামরাই
Dhamrai Paurashava,ধামরাই পৌরসভা
Dhamsana,ধামসানা
Dhamsar,ধামসার
Dhamserni,ধামশ্রেণী
Dhan Shalik,ধান শালিক
Dhan Siri,ধানসিঁড়ি
Dhanbari,ধনবাড়ি
Dhanbari Paurashava,ধনবাড়ী পৌরসভা
Dhandia,ধনদিয়া
Dhaneshwargati,ধনেশ্বরগাতি
Dhangara,ধঙ্গারা
Dhania,ধনিয়া
Dhania (part),ধনিয়া (অংশ)
Dhanikhola,ধানিখোলা
Dhanisafa,ধনিসাফা
Dhankati,ধানকাঠি
Dhankhali,ধানখালী
Dhankhola,ধনখোলা
Dhankora,ধানকোড়া
Dhanpur,ধনপুর
Dhansagar,ধনসাগর
Dhanshail,ধানশাইল
Dhantala,ধনতলা
Dhanua,ধানুয়া
Dhaoa,ধাওয়া
Dhaperhat,ধাপেরহাট
Dhar Mandal,ধর মন্ডল
Dhara,ধরা
Dharabarisha,ধরবাড়িশা
Dharampur,ধরমপুর
Dharanibari,ধরণীবাড়ী
Dharanji,ধরঞ্জি
Dharkhar,ধারখার
Dharmagarh,ধর্মগড়
Dharmaghar,ধর্মঘর
Dharmapal,ধর্মপাল
Dharmapasha,ধর্মপাশা
Dharmapur,ধর্মপুর
Dharmapur (Pananagar),ধর্মপুর (পানানগর)
Dhemsa,ঢেমসা
Dheukhali,ঢেউখালী
Dhipur,ধীপুর
Dhitpur,ধিতপুর
Dhonpur,ধনপুর
Dhopachhari,ধোপাছড়ি
Dhopadaha,ধোপাদহ
Dhopadanga,ধোপাডাঙ্গা
Dhopakandi,ধোপাকান্দি
Dhopakhali,ধোপাখালী
Dhubaria,ধুবাড়িয়া
Dhubil,ধুবিল
Dhukaria Bera,ধুকারিয়া বেড়া
Dhulasar,ধুলসার
Dhulauri,ধুলাউরি
Dhulia,ধুলিয়া
Dhuliani,ধুলিয়ানী
Dhulihar,ধুলিহাড়
Dhulkhola,ধুলখোলা
Dhulsunra,ধুলসুনরা
Dhum,ধুম
Dhunat,ধুনট
Dhunat Paurashava,ধুনট পৌরসভা
Dhupchanchia,ধুপচাঁচিয়া
Dhupchanchia Paurashava,ধুপচাঁচিয়া পৌরসভা
Dhurail,ধুরাইল
Dhurung,ধুরুং
Diara,দিয়াড়া
Dibar,দিবার
Digalkandi,দিগলকান্দি
Digar,দিগড়
Digar Mahishkhali,দিগর মহিষখালী
Digdair,দিগদাইর
Digghapar,দিঘাপার
Digha,দিঘা
Dighalbak,দিঘলবাক
Dighali,দিঘালি
Dighalia,দিঘালিয়া
Dighapatia,দিঘাপাটিয়া
Dighi,দীঘি
Dighinala,দিঘিনালা
Dighir Para,দিঘির পাড়া
Dighirpar,দিঘিরপাড়
Dignagar,দিগনগর
Digpaith,দিগপাইত
Dihi,দিহি
Dil Pasar,দিল পাশার
Dilalpur,দিলালপুর
Dimla,ডিমলা
Dinga Manik,ডিংগা মানিক
Dirgha,দীর্ঘা
Ditiyakhanda,দ্বিতীয়খন্ড
Doail,দেওয়াইল
Dobaura,ডোবাউরা
Dobhag,দোভাগ
Dochhari,দোছড়ি
Dogachhi,দোগাছি
Dohakula,দোহাকুলা
Dohar Paurashava,দোহার পৌরসভা
Dohazari,দোহাজারি
Dollai Nowabab Pur,দোল্লাই নবাব পুর
Domar,ডোমার
Domsar,ডোমসার
Dora,দোড়া
Dowhakhala,ডৌহাখলা
Duaria,দুয়ারিয়া
Duaz,দুয়াজ
Dubail,ডুবাইল
Dubalhati,দুবালহাটি
Dudhal,দুধল
Dudhsar,দুধসার
Dudkhali,দুদখালি
Duhalia,দুহালিয়া
Dulahazara,দুলাহাজরা
Dulai,দুলাই
Dulal Pur,দুলাল পুর
Dulalpur,দুলালপুর
Dular Bazar,দুলার বাজার
Dulla,দুল্লা
Dulyatali,দুলিয়াতলি
Dumain,ডুমাইন
Dumdumya,দুমদুম্যা
Dumni,ডুমনি
Dumuria,ডুমুরিয়া
Duosuo,দুওসুও
Duptara,দুপতারা
Duptiair,দপ্তিয়র
Durbadanga,দুর্বাডাঙ্গা
Durduria,দুরদুরিয়া
Durga Pasha,দুর্গা পাশা
Durgahata,দুর্গাহাটা
Durganagar,দুর্গানগর
Durgapasha,দুর্গাপাশা
Durgapur,দুর্গাপুর
Durgapur Paurashava,দুর্গাপুর পৌরসভা
Durlabhpur,দুর্লভপুর
Durmut,দুরমুঠ
Dwippur,দ্বিপ্পুর
East Chitasi,পূর্ব চিতাসি
Egarasindur,এগারসিন্দুর
Ekarchali,একারচলি
Ekatuna,একাটুনা
Ekdala,একডালা
Ekdanta,একদন্ত
Ekduaria,একদুয়ারিয়া
Eklashpur,একলাশপুর
Eklaspur,একলাসপুর
Elahabad,এলাহাবাদ
Elangi,এলাঙ্গি
Elasin,এলাসিন
Elenga,এলেঙ্গা
Elongjuri,এলংজুরি
Eluary,এলুয়ারি
Emadpur,ইমাদপুর
Enayetnagar,ইনায়েতনগর
Enayetpur,এনায়েতপুর
Eochia,ইওচিয়া
Erendabari,এরেন্দাবাড়ি
Erulia,এরুলিয়া
Ewajpur,ইউয়াজপুর
Ewazbalia,ইওয়াজবালিয়া
Failjana,ফৈলজানা
Faitang,ফাইতাং
Fakir Para,ফকির পাড়া
Fakirhat,ফকিরহাট
Falda,ফলদা
Fandauk,ফান্দাউক
Fapore,ফাপোরে
Farajikandi,ফরাজিকান্দি
Farakkabad,ফারাক্কাবাদ
Farazganj,ফারাজগঞ্জ
Farhadnagar,ফরহাদনগর
Faridganj Paurashava,ফরিদগঞ্জ পৌরসভা
Faridpur,ফরিদপুর
Faridpur Paurashava,ফরিদপুর পৌরসভা
Farua,ফারুয়া
Fasiakhali,ফসিয়াখালী
Fasyakhali,ফস্যাখালি
Fateh Jangapur,ফতেহ জাঙ্গাপুর
Fatehabad,ফতেহাবাদ
Fatehjanapur,ফাতেহজানাপুর
Fatehpur,ফতেহপুর
Fatekharkul,ফতেখারকুল
Fathehpur,ফতেহপুর
Fatik Chhari,ফটিক ছড়ি
Fatullah (part),ফতুল্লা (অংশ)
Fazilhati,ফাজিলহাটি
Fazilpur,ফাজিলপুর
Fazlupur,ফজলুপুর
Fenarbak,ফেনারবাক
Fenchuganj,ফেঞ্চুগঞ্জ
Feni Paurashava,ফেনী পৌরসভা
Fhaguradiar,ফাগুরাদিয়ার
Fingri,ফিঙ্গরি
Forhadabad,ফরহাদাবাদ
Fukura,ফুকুরা
Fukurhati,ফুকুরহাটি
Fulbari,ফুলবাড়ি
Fulbaria,ফুলবাড়িয়া
Fulbaria Paurashava,ফুলবাড়িয়া পৌরসভা
Fulchhari,ফুলছড়ি
Fulgazi,ফুলগাজি
Fulhari,ফুলহাড়ি
Fulki,ফুলকি
Fulkocha,ফুলকোচা
Fultala,ফুলতলা
Fursandi,ফুরসান্দি
G.M.Hat,জি.এম. হাট
Gabha Ramchandrapur,গাভা রামচন্দ্রপুর
Gabkhan Dhansiri,গাবখান ধানসিরি
Gabsara,গাবসাড়া
Gabtali,গাবতলি
Gabtali Paurashava,গাবতলি পৌরসভা
Gabura,গাবুড়া
Gachha,গাছা
Gachhua,গাছুয়া
Gadaipur,গদাইপুর
Gadkhali,গদখালি
Gaffargaon,গাফরগাঁও
Gaffargaon Paurashava,গাফরগাঁও পৌরসভা
Gaglajur,গাগলাজুর
Gahira,গাহিরা
Gaibandha,গাইবান্ধা
Gaila,গাইলা
Gainda,গাইন্দা
Gajaghanta,গজঘন্টা
Gajalia,গজালিয়া
Gajna,গজনা
Gajra,গাজরা
Gala,গলা
Galachipa,গলাচিপা
Galagaon,গালাগাঁও
Galiara,গালিয়াড়া
Galimpur,গালিমপুর
Gallai (uttar Gallai Union),গল্লাই (উত্তর গল্লাই ইউনিয়ন)
Galua,গালুয়া
Gamaritala,গামারিতলা
Ganapaddi,গণপদ্দি
Ganda,গন্ডা
Gandail,গান্ধাইল
Gandamara,গন্ডামারা
Ganeshpur,গণেশপুর
Gangachara,গঙ্গাছড়া
Gangail,গংগাইল
Ganganandapur,গঙ্গানন্দপুর
Gangapur,গঙ্গাপুর
Gangarampur,গঙ্গারামপুর
Gangni,গাংনী
Gangni Paurashava,গাংনি পৌরসভা
Ganguria,গাংগুরিয়া
Gangutia,গাঙ্গুটিয়া
Ganipur,গণিপুর
Ganna,গান্না
Gaodia,গাওদিয়া
Gaokandia,গাওকান্দিয়া
Gaola,গাওলা
Garadaha,গরদহ
Garadoba,গরাডোবা
Garagram,গড়গ্রাম
Garduara,গরদুয়ারা
Gareya,গাড়িয়া
Gargari,গড়গড়ি
Gariber Char,গরীবের চর
Garidaha,গারিদহ
Garinabari,গরিনাবাড়ি
Garjania,গরজনিয়া
Garjaripa,গর্জরিপা
Garmora,গাড়মোরা
Garpara,গরপাড়া
Garuikhali,গারুইখালী
Garuria,গারুরিয়া
Gatti,গাট্টি
Gaurambha,গৌরাম্ভা
Gaurichanna,গৌরিচান্না
Gaurighona,গৌড়ীঘোনা
Gaurigram,গৌরীগ্রাম
Gauripur,গৌরিপুর
Gauripur Paurashava,গৌরীপুর পৌরসভা
Gayabari,গয়াবাড়ি
Gayeshpur,গায়েশপুর
Gayhata,গায়হাটা
Gazalia,গজালিয়া
Gazaria,গাজারিয়া
Gazipur,গাজীপুর
Gazipur Paurashava,গাজীপুর পৌরসভা
Gazir Bhita,গাজির ভিটা
Gazir Char,গাজির চর
Gazir Hat,গাজীর হাট
Gazirtek,গাজিরটেক
Gaznapur,গজনাপুর
Gedura,গেদুড়া
Ghagar,ঘাগর
Ghagoa,ঘাগোয়া
Ghagotia,ঘাগটিয়া
Ghagra,ঘাগড়া
Ghagutia,ঘাগুটিয়া
Ghalangya,গ্যালেংগ্যা
Ghandung,ঘন্ডুং
Gharialdanga,ঘাড়িয়ালডাঙ্গা
Gharinda,ঘারিন্দা
Gharisar,ঘড়িসার
Gharjan,ঘরজান
Gharua,ঘারুয়া
Ghasigram,ঘাসিগ্রাম
Ghatail,ঘাটাইল
Ghatail Paurashava,ঘাটাইল পৌরসভা
Ghatbhogh,ঘাটভোগ
Ghatmajhi,ঘাটমাঝি
Ghatnagar,ঘাটনগর
Ghazir Khamar,গাজির খামার
Ghila Chhari,ঘিলা ছড়ি
Ghior,ঘিওর
Ghoga,ঘোগা
Ghogadaha,ঘোগড়াদহ
Gholpasha,ঘোলপাশা
Ghona,ঘোনা
Ghoradhap,ঘোড়াধাপ
Ghoraghat,ঘোড়াঘাট
Ghorapakhia,ঘোড়াপাখিয়া
Ghorashal Paurashava,ঘোড়াশাল পৌরসভা
Ghorshal,ঘোড়াশাল
Ghoshbagh,ঘোষবাগ
Ghosher Para,ঘোশের পাড়া
Ghoshgaon,ঘোষগাঁও
Ghoshnagar,ঘোষনগর
Ghoshpur,ঘোষপুর
Ghuridaha,ঘুড়িদহ
Ghurka,ঘুরকা
Giasnagar,গিয়াসনগর
Gidari,গিদাড়ি
Gilachhara,গিলাছড়া
Goala,গোয়ালা
Goalandaghat Paurashava,গোয়ালন্দঘাট পৌরসভা
Goalbari,গোয়ালবাড়ি
Goaldihi,গোয়ালদিহি
Goaler Char,গোয়ালের চর
Goalkandi,গোয়ালকান্দি
Goalmari,গোয়ালমারি
Goalnagar,গোয়ালনগর
Gobaria Abdullahpur,গোবরিয়া আব্দুল্লাহপুর
Gobinda Para,গোবিন্দ পাড়া
Gobindapur,গোবিন্দপুর
Gobindasi,গোবিন্দাসী
Gobindasree,গোবিন্দশ্রী
Gobra,গোবরা
Gobratala,গোবরাতলা
Godagari,গোদাগাড়ি
Godagari Paurashava,গোদাগাড়ি পৌরসভা
Goddimari,গড্ডিমারি
Goga,গোগা
Gognagar,গগনগর
Gogram,গোগ্রাম
Gohail,গোহাইল
Gohala,গোহালা
Gohalakanda,গোহালাকান্দা
Gohalbari,গোহালবাড়ি
Gohaliabari,গোহালিয়াবাড়ি
Gokarna,গোকর্ণ
Gokul,গোকুল
Gokunda,গোকুন্ডা
Golabari,গোলাবাড়ি
Golabganj,গোলাবগঞ্জ
Golakandail,গোলাকান্দাইল
Golapganj,গোলাপগঞ্জ
Golapganj Paurashava,গোলাপগঞ্জ পৌরসভা
Golkhali,গোলখালি
Golmunda,গোলমুন্ডা
Golna,গোলনা
Gomastapur,গোমস্তাপুর
Gomnati,গোমনাটি
Gona,গোনা
Gopagram,গোপাগ্রাম
Gopal,গোপাল
Gopalganj Paurashava,গোপালগঞ্জ পৌরসভা
Gopalgram,গোপালগ্রাম
Gopalnagar,গোপালনগর
Gopalpur,গোপালপুর
Gopalpur (Lalpur) Paurashav,গোপালপুর (লালপুর) পৌরসভা
Gopalpur Paurashava,গোপালপুর পৌরসভা
Gopaya,গোপায়া
Gopedighi,গোপদিঘী
Gopinathpur,গোপীনাথপুর
Gorai,গোরাই
Goral,গোড়াল
Gorgram,গোড়গ্রাম
Gosainbari,গোসাইনবাড়ি
Gosaipur,গোসাইপুর
Gosairhat,গোসাইরহাট
Gosind Durgapur,গোসিন্দ দুর্গাপুর
Gosinga,গসিংগা
Gota Para,গোটা পাড়া
Gotamari,গোটামারি
Gotashia,গোটাশিয়া
Goula Bazar,গোয়ালা বাজার
Gourararang,গৌরারং ইউনিয়ন
Gourdwar,গৌড়দ্বার
Greda,গেরদা
Guabaria,গুয়াবাড়িয়া
Guagachhia,গুয়াগাছিয়া
Guarekha,গুয়ারেখা
Guatala,গুয়াতলা
Gujadia,গুজাদিয়া
Gulisakhali,গুলিসাখালি
Gulishakhali,গুলিশাখালি
Gulshakhali,গুলশাখালি
Guman Mardan,গুমান মর্দ্দন
Gumaniganj,গুমনিগঞ্জ
Gumti,গুমতি
Gunabati,গুনাবতী
Gunahar,গুণাহার
Gunaigachh,গুনাইগাছ
Gunaigachha,গুনাইগাছা
Gunaritala,গুনারিতলা
Gunbaha,গুণবহ
Gundhar,গুন্ধার
Guniak,গুনিয়াক
Gurai,গুরাই
Gurudaspur Paurashava,গুরুদাসপুর পৌরসভা
Guthia,গুঠিয়া
Gutudia,গুটুড়িয়া
Habakhali,হাবাখালি
Habaspur,হাবাসপুর
Habibpur,হাবিবপুর
Habibulla Nagar,হাবিবুল্লা নগর
Habiganj Paurashava,হবিগঞ্জ পৌরসভা
Habilas Dwip,হাবিলাস দ্বীপ
Habirbari,হাবিরবাড়ি
Habla,হাবলা
Habra,হাবড়া
Hadal,হাদাল
Hadira,হাদিরা
Hafizabad,হাফিজাবাদ
Haibatpur,হৈবতপুর
Haidgaon,হাইদগাঁও
Haildhar,হাইলধর
Haim Char,হাইম চর
Hairmara,হাইরমারা
Haitkandi,হাইতকান্ডি
Haizadi,হাইজাদী
Hajiganj,হাজিগঞ্জ
Hajiganj Paurashava,হাজীগঞ্জ পৌরসভা
Hajinagar,হাজিনগর
Hajipur,হাজিপুর
Hajir Para,হাজির পাড়া
Hajirbagh,হাজিরবাগ
Hajirhat,হাজিরহাট
Hakimpur,হাকিমপুর
Haladia,হালাদিয়া
Haldia,হলদিয়া
Haldia Palong,হালদিয়া পালং
Haldipur,হলদিপুর
Halidhani,হালিধানী
Halimpur,হালিমপুর
Halsa,হালসা
Haluaghat,হালুয়াঘাট
Hamidpur,হামিদপুর
Hamir Kutsha,হামির কুতশা
Hamirdi,হামিরদী
Hanar Char,হানার চর
Handial,হানডিয়াল
Hapania,হাপানিয়া
Hapchhari,হাপছড়ি
Haragachh,হরগাছ
Haragram,হরগ্রাম
Haramia,হারামিয়া
Harashpur,হরশপুর
Harati,হারাটি
Harbang,হারবাং
Hardi,হারদি
Hargaz,হারগজ
Harian,হারিয়ান
Hariarkuti,হরিয়ারকুঠি
Haribhasa,হারিভাসা
Haridasdi Mahendradi,হরিদাসদী মহেন্দ্রাদি
Haridaskati,হরিদাসকাঠি
Haridaspur,হরিদাসপুর
Haridebpur,হরিদেবপুর
Haridhali,হরিধালী
Hariharnagar,হরিহরনগর
Harinakunda Paurashava,হারিনাকুন্ড পৌরসভা
Harinarayanpur,হরিনারায়ণপুর
Harinathpur,হরিনাথপুর
Harinchara,হাড়িংছড়া
Haripur,হরিপুর
Harirampur,হরিরামপুর
Harirampur (Part),হরিরামপুর (অংশ)
Harishankarpur,হরিশংকরপুর
Harispur,হরিশপুর
Harni,হরনী
Harta,হারতা
Harukandi,হরুকান্দি
Harwalchhari,হারোয়ালছড়ি
Hasail Banari,হাসাইল বানারি
Hasara,হাসারা
Hashaighari,হাশাইঘরি
Hashimpur,হাশিমপুর
Hasnabad,হাসনাবাদ
Hassan Nagar,হাসান নগর
Hat Sherpur,হাট শেরপুর
Hatas Haripur,হাটশ হরিপুর
Hatebhanga,হাটেভাঙ্গা
Hathazari,হাটহাজারী
Hati Para,হাটি পাড়া
Hatia,হাতিয়া
Hatiandaha,হাতিয়ানদহ
Hatiara,হাতিয়ারা
Hatibandha,হাতিবান্ধা
Hatibandha Malijhikanda,হাতীবান্ধা মালিঝিকান্দা
Hatikumrul,হাটিকুমরুল
Hatila Purba,হাতিলা পূর্বা
Hatiya Paurashava,হাতিয়া পৌরসভা
Hatkalu Para,হাটকালু পাড়া
Hatkhali,হাটখালী
Hatkhola,হাটখোলা
Hatpukuria Ghatlabag,হাটপুকুরিয়া ঘাটলাবাগ
Hatur,হাটুর
Haturia Nakalia,হাতুরিয়া নাকালিয়া
Hazariganj,হাজারিগঞ্জ
Hazipur,হাজিপুর
Hazradanga,হাজরাডাঙ্গা
Hazrapur,হাজরাপুর
Hazratpur,হযরতপুর
Helatala,হেলাতলা
Hemayetpur,হেমায়েতপুর
Hemnagar,হেমনগর
Hesakhal,হেসাখাল
Hilachia,হিলাচিয়া
Hinguli,হিঙ্গুলি
Hiran,হিরণ
Hizla,হিজলা
Hizla Gaurabdi,হিজলা গৌরবদী
Hoanak,হোয়ানক
Hogalbaria,হোগলবাড়িয়া
Hogla,হোগলা
Hogla Pasha,হোগলা পাশা
Hoglabunia,হোগলাবুনিয়া
Holokhana,হলোখানা
Homna Paurashava,হোমনা পৌরসভা
Homna Union,হোমনা ইউনিয়ন
Hosendi,হোসেনদি
Hosnabad,হোসনাবাদ
Hossain Gaon,হোসেন গাঁও
Hossaindi,হোসেনদি
Hossainpur,হোসাইনপুর
Hossainpur Paurashava,হোসেনপুর পৌরসভা
Howli,হাওলি
Hugra,হুগড়া
Hujuri Para,হুজুরী পাড়া
Humaipur,হুমাইপুর
Hurka,হুরকা
Ibrahimpur,ইব্রাহিমপুর
Ichhakhali,ইছাখালী
Ichhali,ইচ্ছালী
Ichhapur,ইছাপুর
Idgaon,ইদগাঁও
Idgar,ইদগার
Idilpur,ইদিলপুর
Ikri,ইকড়ি
Illisha,ইলিশা
Iluhar,ইলুহার
Imampur,ইমামপুর
Inathganj,ইনাথগঞ্জ
Isab Pur,ইসবপুর
Isabpur,ইসবপুর
Ishakalas,ইসকলস
Ishan Gopalpur,ঈশান গোপালপুর
Ishania,ইশানিয়া
Ishwardi,ঈশ্বরদী
Ishwardi Paurashava,ঈশ্বরদীর পৌরসভা
Ishwarganj,ঈশ্বরগঞ্জ
Ishwarganj Paurashava,ঈশ্বরগঞ্জ পৌরসভা
Ishwaripur,ঈশ্বরীপুর
Isibpur,ইসিবপুর
Islam Pur,ইসলাম পুর
Islamabad,ইসলামাবাদ
Islamkati,ইসলামকাঠি
Islampur,ইসলামপুর
Islampur Paschim,ইসলামপুর পশ্চিম
Islampur Paurashava,ইসলামপুর পৌরসভা
Islampur Purba,ইসলামপুর পূর্ব
Itabaria,ইটাবারিয়া
Itail,ইটাইল
Itakhola,ইটাখোলা
Itakumari,ইটাকুমারি
Italy,ইতালি
Itna,ইটনা
Jabarhat,জবারহাট
Jadabpur,যাদবপুর
Jadu Boyra,যদু বয়রা
Jadunandi,যাদুনন্দি
Jadur Char,যাদুর চর
Jafarabad,জাফরাবাদ
Jafarganj,জাফরগঞ্জ
Jafarnagar,জাফরনগর
Jagaddal,জগদ্দল
Jagadishpur,জগদীশপুর
Jagannath Dighi,জগন্নাথ দিঘী
Jagannathpur,জগন্নাথপুর
Jagannathpur Paurashava,জগন্নাথপুর পৌরসভা
Jagatber,জগতবের
Jagati,জাগতি
Jagatpur,জগতপুর
Jagdal,জগদল
Jagua,জগুয়া
Jahajmara,জাহাজমারা
Jahanabad,জাহানাবাদ
Jahangirnagar,জাহাঙ্গীরনগর
Jahangirpur,জাহাঙ্গীরপুর
Jahanpur,জাহানপুর
Jahapur,জাহাপুর
Jaharpur,জহরপুর
Jahirabad,জহিরাবাদ
Jaifarnagar,জয়ফরনগর
Jaigir,জয়গীর
Jailashkara,জয়লশকরা
Jainkati,জৈনকাঠি
Jainsar,জাইনসার
Jaintapur,জৈন্তাপুর
Jalabari,জলাবাড়ি
Jalalabad,জালালাবাদ
Jalalpur,জালালপুর
Jalam,জালাম
Jalia Palong,জালিয়া পালং
Jalirpar,জালিরপাড়
Jalla,জল্লা
Jallabad,জল্লাবাদ
Jalma,জালমা
Jalsuka,জলসুকা
Jamal,জামাল
Jamalganj,জামালগঞ্জ
Jamalpur,জামালপুর
Jamalpur Paurashava,জামালপুর পৌরসভা
Jambaria,জামবাড়িয়া
Jamdia,জামদিয়া
Jamgaon,জামগাঁও
Jamira,জমিরা
Jamirta,জমিরতা
Jamjami,জমজমি
Jamnagar,জামনগর
Jampur,জামপুর
Jamsha,জামশা
Jamtail,জামতৈল
Jamuria,জামুরিয়া
Jamurki,জামুরকি
Jangal,জঙ্গল
Jangalia,জাংগালিয়া
Janglukhain,জাংলুখাইন
Janipur,জানিপুর
Jantrail,যনত্রাইল
Japsa,জাপসা
Jaraitala,জরাইতলা
Jaria,জারিয়া
Jashai,যশাই
Jashalong,জশালং
Jasodal,যসোদল
Jatia,জাতিয়া
Jatrapur,যাত্রাপুর
Jatsakhni,জাতসাখিনি
Jawar,জাওয়ার
Jawar Bazar,জোয়ার বাজার
Jayag,জয়াগ
Jayanti Hajra,জয়ন্তি হাজরা
Jehala,জিহালা
Jeopara,জিওপাড়া
Jessora,যসোরা
Jessore Paurashava,যশোর পৌরসভা
Jhalaishalsiri,ঝালাইশালসিরি
Jhaluka,ঝালুকা
Jhanpa,ঝাঁপা
Jhaudanga,ঝাউডাঙ্গা
Jhaudi,ঝাউদি
Jhaudia,ঝাউদিয়া
Jhaugara,ঝাউগড়া
Jhawail,ঝাওয়াইল
Jhenaidah Paurashava,ঝিনাইদহ পৌরসভা
Jhenaigati,ঝিনাইগতি
Jhikargachha,ঝিকরগাছা
Jhikargachha Paurashava,ঝিকরগাছা পৌরসভা
Jhikra,ঝিকরা
Jhilim,ঝিলিম
Jhilwanja,ঝিলংঝা
Jhingrabari,ঝিঙ্গাবাড়ী
Jhunagachh Chapani,ঝুনাগাছ চাপানি
Jiarakhi,জিয়ারাখি
Jiarkandi,জিয়ারকান্দি
Jiban Nagar Paurashava,জীবন নগর পৌরসভা
Jibtali,জিবতলী
Jinardi,জিনার্দী
Jinari,জিনারি
Jinglatali,জিংগলাতলী
Jinnaghar,জিন নগর
Jiri,জিরি
Jirtali,জিরতলী
Jiudhara,জিউধড়া
Jiyanpur,জিয়ানপুর
Joara,জোয়ারা
Joari,জোয়ারি
Joarianala,জোয়ারিয়ানালা
Jodda,জোদদা
Jogania,জোগানিয়া
Jogi Para,জোগি পাড়া
Jogikhali,যোগীখালি
Jonail,জোনাইল
Jongra,জোংড়া
Jorabari,জোড়াবাড়ি
Joradaha,জোড়াদহ
Jorekhali,জোড়েখালী
Jorgachha,জড়গাছা
Josar,জোসর
Jotbani,জোটবানী
Joy Mantap,জয় মন্টপ
Joy Siddhi,জয় সিদ্ধি
Joyag (dakshin Bara Karai),জোয়াগ (দক্ষিণ বড় করাই)
Joychandi,জয়চান্দি
Joyka,জয়কা
Joykalas,জয়কলস
Joykrishnapur,জয়কৃষ্ণপুর
Joymanirhat,জয়মনিরহাট
Joynagar,জয়নগর
Joypur,জয়পুর
Joypurhat Paurashava,জয়পুরহাট পৌরসভা
Joysree,জয়শ্রী
Juggachhala,জুজ্ঞছালা
Jugipole,জুগিপোল
Jugli,জুগলি
Juidandi,জুইদন্ডি
Juldha,জুলধা
Jummerbari,জুম্মেরবাড়ি
Junedpur,জুনেদপুর
Juniadaha,জুনিয়াদহ
Jurai Chhari,জুরাই ছড়ি
Juranpur,জুড়ানপুর
Kabai,কবাই
Kabakhali,কাবাখালি
Kabilpur,কাবিলপুর
Kabirajpur,কবিরাজপুর
Kabirhat Paurashava,কবিরহাট পৌরসভা
Kachakata,কাচকাতা
Kachhapia,কাছাপিয়া
Kachhari Kayali Para,কাছাড়ি কায়ালি পাড়া
Kachia,কচিয়া
Kachikata,কাচিকাটা
Kachina,কাচিনা
Kachpur,কাচপুর
Kachua,কচুয়া
Kachua Paurashava,কাচুয়া পৌরসভা
Kachuai,কাচুয়াই
Kachukata,কচুকাটা
Kadakati,কদাকাঠি
Kadalpur,কাদালপুর
Kadam Chilan,কদম চিলান
Kadam Rasul Paurashava,কদম রসুল পৌরসভা
Kadambari,কদমবাড়ি
Kadamtala,কদমতলা
Kadir Hanif,কাদির হানিফ
Kadir Jangal,কাদির জঙ্গল
Kadir Para,কাদির পাড়া
Kadirpur,কাদিরপুর
Kadla,কাদলা
Kadra,কাদরা
Kafrikhal,কাফ্রিখাল
Kafuria,কাফুরিয়া
Kagail,কাগাইল
Kagapasha,কাগপাশা
Kahaloo,কাহালু
Kahaloo Paurashava,কাহালু পৌরসভা
Kaiarbil,কইয়ারবিল
Kaichail,কাইচাইল
Kaichapur,কাইচাপুর
Kaijuri,কাইজুড়ি
Kaikhali,কইখালি
Kaikuri,কাইকুরি
Kaila,কৈলা
Kailag,কাইলাগ
Kailail,কাইলাইল
Kailasganj,কৈলাসগঞ্জ
Kailati,কাইলাটি
Kaimari,কাইমাড়ি
Kaimpur,কাইমপুর
Kaitail,কৈতল
Kaitala Dakshin,কৈতলা দক্ষিণ
Kaitala Uttar,কৈতলা উত্তর
Kaiyarbil,কাইয়ারবিল
Kajal Dighi Kaliganj,কাজল দিঘি কালীগঞ্জ
Kajalshar,কাজলশার
Kajulia,কাজুলিয়া
Kakailseo,কাকাইলছেও
Kakairgara,কাকাইরগাড়া
Kakanhat Paurashava,কাকানহাট পৌরসভা
Kakarkandi,কাকরকান্দি
Kakchira,কাকচিরা
Kakhara,কাখারা
Kakilakura,কাকিলাকুড়া
Kakina,কাকিনা
Kakni,কাকনি
Kakrajan,কাকরাজন
Kakua,কাকুয়া
Kala Kandi,কালা কান্দি
Kala Paharia,কালা পাহারিয়া
Kalabari,কলাবাড়ি
Kalabaria,কলাবাড়িয়া
Kaladaha,কালাদহ
Kaladaraf,কালাদরফ
Kalagachhia,কলাগাছিয়া
Kalai Majh Para,কালাই মাঝ পাড়া
Kalai Paurashava,কালাই পৌরসভা
Kalair Banga,কালাইর বাংগা
Kalaiya,কালাইয়া
Kalakanda,কলাকান্দা
Kalakhali,কালাখালি
Kalakopa,কলাকোপা
Kalam,কালাম
Kalampati,কলামপাটি
Kalamridha,কালামৃধা
Kalapakurjya,কলাপাকুর্য
Kalapania,কালাপানিয়া
Kalapur,কালাপুর
Kalarmarchhara,কালারমাছড়া
Kalaroa Paurashava,কলারোয়া পৌরসভা
Kalaruka,কআলারুকা
Kalaskati,কলসকাটি
Kalaspur,কলসপুর
Kalatala,কলাতলা
Kalatia,কলাতিয়া
Kalauzan,কালাউজান
Kaler Para,কালের পাড়া
Kalia,কালিয়া
Kalia Haripur,কালিয়া হরিপুর
Kalia Paurashava,কালিয়া পৌরসভা
Kaliais,কালিয়াইস
Kaliakair Paurashava,কলিয়াকাইর পৌরসভা
Kaliara Gabragat,কালিয়ারা গবরাগত
Kalicharanpur,কালিচরণপুর
Kalidah,কালিদহ
Kalidashpur,কালিদাশপুর
Kaliganj,কালীগঞ্জ
Kaliganj Paurashava,কালীগঞ্জ পৌরসভা
Kalighat,কালীঘাট
Kaligram,কালিগ্রাম
Kalihati Paurashava,কালিহাতী পৌরসভা
Kalika Prasad,কালিকা প্রসাদ
Kalikachchha,কালীকচ্ছা
Kalikapur,কালিকাপুর
Kalimahar,কালিমহর
Kalindi,কালিন্দি
Kalipur,কালিপুর
Kalir Bazar (Dakshin),কালির বাজার (দক্ষিণ)
Kalir Bazar (Uttar),কালির বাজার (উত্তর)
Kalisuri,কালিসুরি
Kalkalia,কালকালিয়া
Kalkini Paurashava,কালকিনি পৌরশাভা
Kalma,কালমা
Kalmakanda,কলমাকান্দা
Kalmegha,কলমেঘা
Kalora,কালোরা
Kalyani,কল্যাণী
Kalyankalas,কল্যানকলস
Kalyanpur,কল্যাণপুর
Kamalabari,কমলাবাড়ি
Kamalapur,কমলাপুর
Kamalchhari,কমলছড়ি
Kamaler Para,কামালের পাড়া
Kamalganj,কামালগঞ্জ
Kamalganj Paurashava,কামালগঞ্জ পৌরসভা
Kamalpur,কমলপুর
Kamar Chak,কামার চক
Kamar Pukur,কামার পুকুর
Kamardaha,কামারদহ
Kamarer Char,কামারের চর
Kamargaon,কামারগাঁও
Kamaria,কামারিয়া
Kamarjani,কামারজানি
Kamarkhali,কামারখালী
Kamarkhara,কামারখর
Kamarkhola,কামারখোলা
Kamat Kajal Dighi,কামাত কাজল দিঘি
Kamdia,কামদিয়া
Kamrabad,কামরাবাদ
Kanaighat,কানাইঘাট
Kanaighat Paurashava,কানাইঘাট পৌরসভা
Kanaipur,কানাইপুর
Kanakdia,কানাকদিয়া
Kanakpur,কনকপুর
Kanaksar,কনকসার
Kanalla,কানাল্লা
Kanchan Nagar,কাঞ্চন নগর
Kanchan Paurashava,কাঞ্চন পৌরসভা
Kanchana,কাঞ্চনা
Kanchanabad,কাঞ্চনাবাদ
Kanchanpur,কাঞ্চনপুর
Kancherkol,কাঁচেরকোল
Kanchi Para,কাঞ্চি পাড়া
Kanchibari,কাঁচিবাড়ি
Kanchikata,কঞ্চিকাটা
Kandhurkhil,কান্ধুরখিল
Kandi,কান্দি
Kandigaon,কান্দিগাঁও
Kandirpar,কান্দিরপাড়
Kandiura,কান্দিউরা
Kaneshwar,কানেশ্বর
Kangara Chhari,কাঙ্গারা ছড়ি
Kangsha,কংশা
Kanihari,কানিহারি
Kankapait,কনকাপাইত
Kansat,কানসাট
Kanso Para,কানসো প্যারা
Kanthal,কান্থাল
Kanthalbari,কাঠালবাড়ি
Kanthali,কাঁথালী
Kanthalia,কান্থালিয়া
Kanthaltali,কাঁথালতলি
Kaoakola,কাওয়াখোলা
Kaoaljani,কাওলজানি
Kaolibera,কাওলিবেড়া
Kaoraid,কাওরাইদ
Kapasadanga,কাপাসাডাঙ্গা
Kapashati,কাপাশহাটি
Kapasia,কপাসিয়া
Kapilmuni,কপিলমুনি
Kaptai,কাপ্তাই
Kara Para,কড়া পাড়া
Karab,কারাব
Karabunia,কারাবুনিয়া
Karaia,করাইয়া
Karaibaria,কড়ইবাড়ীয়া
Karaichara,কড়ইচরা
Karanja,করঞ্জা
Karatia,করাতিয়া
Karerhat,করেরহাট
Kargaon,কারগাঁও
Karihata,কারিহাটা
Karikandi,কারিকান্দি
Karimganj Paurashava,করিমগঞ্জ পৌরসভা
Karimpur,করিমপুর
Karmadha,কর্মধা
Karnibari,কার্ণিবাড়ি
Karpara,করপাড়া
Karpasha,করপাশা
Kasalia,কাশালিয়া
Kasba,কসবা
Kasba Majhail,কাসবা মাঝহাইল
Kasba Paurashava,কসবা পৌরসভা
Kashab,কেশব
Kashiani,কাশিয়ানি
Kashil,কাশিল
Kashimari,কাশিমারি
Kashimnagar,কাশিমনগর
Kashimpur,কাশিমপুর
Kashinagar,কাশিনগর
Kashinathpur,কাশীনাথপুর
Kashipur,কাশিপুর
Kashtabhanga,কষ্টভাঙ্গা
Kasiais,কাসিয়াইস
Kastail,কাস্তাইল
Kasundi,কাসুন্দি
Katabari,কাটাবাড়ি
Katachhara,কাটাছড়া
Katair,কাতাইর
Katakhali Paurashava,কাটাখালি পৌরসভা
Kathadia Shimulia,কাঠাদিয়া শিমুলিয়া
Katharia,কাঠাড়িয়া
Kathuli,কাথুলি
Kati,কাঠি
Katiadi,কাটিয়াদি
Katiadi Paurashava,কাটিয়াদি পৌরসভা
Katla,কাটলা
Katuli,কাটুলি
Kauarkhop,কাউয়ারখোপ
Kaundia,কাউন্দিয়া
Kaunia Bala Para,কাউনিয়া বালা পাড়া
Kawkhali,কাউখালি
Kaya,কায়া
Kayain,কায়াইন
Kayaltia,কায়ালটিয়া
Kayangghat,কায়ংঘাট
Kayaria,কয়ারিয়া
Kayba,কায়বা
Kayempur,কায়েমপুর
Kayet Para,কায়েত পাড়া
Kazibakai,কাজিবাকাই
Kazihal,কাজিহাল
Kazipur,কাজীপুর
Kazipur Paurashava,কাজীপুর পৌরসভা
Kazir Char,কাজির চর
Kazirabad,কাজিরাবাদ
Kazirbag,কাজিরবাগ
Kazirber,কাজিরবেড়
Kazla,কাজলা
Kedar,কেদার
Kedarmara,কেদারমারা
Kedarpur,কেদারপুর
Kelishahar,কেলিশহর
Kendua,কেন্দুয়া
Kendua Paurashava,কেন্দুয়া পৌরসভা
Keochia,কেওচিয়া
Keora,কেওড়া
Keorabunia,কেওরাবুনিয়া
Keorjori,কেওরজোড়ি
Keragachhi,কেরাগাছি
Keralkata,কেরালকাটা
Keran Khal,কেরন খাল
Keroa,কেরোয়া
Keshabpur,কেশবপুর
Keshabpur Paurashava,কেশবপুর পৌরসভা
Kesharhat Paurashava,কেশরহাট পৌরসভা
Kesharpar,কেশরপার
Ketkibari,কেতকিবাড়ি
Khadergaon,খাদেরগাঁও
Khadim Para,খাদিম পাড়া
Khadimnagar,খাদিমনগর
Khadimpur,খাদিমপুর
Khagakanda,খাগাকান্দা
Khagaria,খাগড়িয়া
Khagaura,খাঁগাউড়া
Khagdahar,খাগডহর
Khagrachhari,খাগড়াছড়ি
Khagrachhari Paurashava,খাগড়াছড়ি পৌরসভা
Khaiyachhara,খইয়াছড়া
Khajra,খাজড়া
Khajur,খাজুর
Khajuria,খাজুরিয়া
Khaleya,খালিয়া
Khalia,খালিয়া
Khaliajuri,খালিয়াজুড়ি
Khalilnagar,খলিলনগর
Khalilpur,খলিলপুর
Khalisa Chapani,খালিসা চাপানি
Khalishakundi,খালিশাকুণ্ডি
Khalishaur,খালিশাউর
Khalishkhali,খালিশখালী
Khalsi,খালসি
Khamar Para,খামারপাড়া
Khamarkandi,খামারকান্দি
Khan Marich,খান মারিচ
Khandarpar,খান্দারপার
Khanganj,খানগঞ্জ
Khangaon,খানগাঁও
Khanjapur,খাঞ্জাপুর
Khankhanabad,খানখানাবাদ
Khankhanapur,খানখানপুর
Khanpur,খানপুর
Khaprabhanga,খাপরাভাঙ্গা
Kharana,খড়ানা
Kharia Kazir Char,খড়িয়া কাজির চর
Kharna,খড়না
Kharnai,খরনাই
Kharnia,খরানিয়া
Kharua,খরুয়া
Khas Kanakpur,খাস কনকপুর
Khas Kaulia,খাস কাউলিয়া
Khas Pukuria,খাস পুকুরিয়া
Khas Rajbari,খাস রাজবাড়ি
Khasial,খাশিয়াল
Khaskara,খাসকড়া
Khata Madhupur,খাতা মধুপুর
Khatkhal,খাটখাল
Khatta Madhab Para,খট্টা মাধব পাড়া
Khatu Para,খাটু পাড়া
Khayerbari,খয়েরবাড়ি
Khayerpur Abdullahpur,খয়েরপুর আবদুল্লাহপুর
Khazanchigaon,খাজাঞ্চিগাঁও
Kheda Para,খেদা পাড়া
Khelna,খেলনা
Kherera,খেরেরা
Kheruajani,খেরুয়াজানি
Khesra,খেসরা
Khetlal,খেতলাল
Khidir Para,খিদির পাড়া
Khidirpur,খিদিরপুর
Khil Para,খিল পাড়া
Khila,খিলা
Khiram,খিরাম
Khoajpur,খোয়াজপুর
Khoga Kharibari,খোগা খড়িবাড়ি
Khoksa,খোকসা
Khoksa Paurashava,খোকসা পৌরসভা
Khoksabari,খোকসাবাড়ি
Khokshabari,খোকশাবাড়ি
Kholachhara,খোলাছড়া
Kholahati,খোলাহাটি
Khontakata,খন্টাকাটা
Khoragachh,খোড়াগাছ
Khotta Para,খোট্টা পাড়া
Khubjipur,খুবজিপুর
Khukni,খুকনি
Khulna Range,খুলনা রেঞ্জ
Khuniagachh,খুনিয়াগাছ
Khuniapalong,খুনিয়াপালং
Khuntakhali,খুন্তাখালি
Khuolia,খুওলিয়া
Khurda Kamarpur,খুর্দা কামারপুর
Khurushkul,খুরুশকুল
Khutamara,খুতামারা
Kichak,কিচক
Kiratan,কিরাতান
Kirtipasha,কীর্তিপাশা
Kirtipur,কীর্তিপুর
Kishoreganj,কিশোরেগঞ্জ
Kishoreganj Paurashava,কিশোরগঞ্জ পৌরসভা
Kishoregari,কিশোরগারি
Kismat Gankair,কিসমত গণকৈড়
Kochasahar,কোচাশহর
Kodailkati,কোদাইলকাঠি
Kodala,কোদলা
Kodalia,কোদালিয়া
Kodalia Shohidnagar,কোদালিয়া শহীদনগর
Kodalpur,কোদালপুর
Kok Dahara,কোক দহর
Kola,কোলা
Kola Para,কোলা পাড়া
Kolagaon,কোলাগাঁও
Kolkanda,কলকান্দা
Konabari,কোনাবাড়ি
Konakhali,কোনাখালি
Konda,কোনদা
Korsha Kariail,কর্শাকড়িয়াইল
Kotakul,কোটাকুল
Kotalipara Paurashava,কোটালিপারা পৌরসভা
Kotchandpur Paurashava,কোটচাঁদপুর পৌরসভা
Koyra,কয়রা
Krishnanagar,কৃষ্ণনগর
Krishnapur,কৃষ্ণপুর
Kuchai,কুঁচাই
Kuchaipatti,কুচাইপট্টি
Kuchiamora,কুচিয়ামোরা
Kuchlibari,কুচলিবাড়ি
Kuhalong,কুহালং
Kukua,কুকুয়া
Kukutia,কুকুটিয়া
Kulaghat,কুলাঘাট
Kulanj,কুলঞ্জ
Kulaura,কুলাউরা
Kulaura Paurashava,কুলাউরা পৌরসভা
Kulia,কুলিয়া
Kuliar Char Paurashava,কুলিয়ার চর পৌরসভা
Kulkandi,কুলকান্দি
Kulkati,কুলকাটি
Kulla,কুল্লা
Kullagora,কুল্লাগোরা
Kultia,কুলটিয়া
Kumar Para,কুমার পাড়া
Kumarbhog,কুমারভোগ
Kumarghata,কুমারঘাটা
Kumari,কুমারী
Kumarkhali Paurashava,কুমারখালী পৌরসভা
Kumedpur,কুমেদপুর
Kumira,কুমিরা
Kumrabaria,কুমারাবাড়িয়া
Kunda,কুন্ডা
Kunda Pukur,কুণ্ড পুকুর
Kundagram,কুন্ডগ্রাম
Kunder Char,কুন্দের চর
Kunia,কুনিয়া
Kuptala,কুপতলা
Kuralgachhi,কুরালগাছি
Kurar Bazar,কুরার বাজার
Kurikahania,কুড়িকাহানিয়া
Kursha,কুরশা
Kurshi,কুড়শি
Kusanghal,কুসাংঘল
Kusha Raniganj,কুশা রাণীগঞ্জ
Kushadanga,কুশডাঙ্গা
Kushakhali,কুষাখালী
Kushdaha,কুশদহ
Kushiram Belpukur,কুশিরাম বেলপুকুর
Kushla,কুশলা
Kushli,কুশলি
Kushlia,কুশলিয়া
Kushmail,কুশমাইল
Kushna,কুশনা
Kushtia,কুষ্টিয়া
Kushtia Paurashava,কুষ্টিয়া পৌরসভা
Kushumhati,কুসুমহাটি
Kushura,কুশুরা
Kuskhali,কুসখালী
Kusumba,কুসুম্বা
Kusumbi,কুসুম্বি
Kusumpura,কুসামপুরা
Kutba,কুতবা
Kuti,কুটি
Kutubjom,কুতুবজম
Kutubpur,কুতুবপুর
Kutuk Chhari,কুতুক ছড়ি
Kytola,কৈটোলা
Labsa,লাবসা
Laharkandi,লাহারকান্দি
Lahiri Para,লাহিড়ি পাড়া
Lahuria,লাহুরিয়া
Lakhai,লাখাই
Lakher Para,লাখের পাড়া
Lakhpur,লক্ষপুর
Lakhyarchar,লখ্যারচর
Laksam,লাকসাম
Laksam Paurashava,লাকসাম পৌরসভা
Lakshanaband,লক্ষনাবাঁদ
Lakshmanpur,লক্ষ্মণপুর
Lakshmansree,লক্ষ্মনশ্রী
Lakshmi Chap,লক্ষ্মী ছাপ
Lakshmi Pasha,লক্ষ্মী পাশা
Lakshmichhari,লক্ষ্মীছড়ি
Lakshmiganj,লক্ষ্মীগঞ্জ
Lakshmikundi,লক্ষ্মীকুন্ডি
Lakshmipasha,লক্ষ্মিপাশা
Lakshmipur,লক্ষ্মীপুর
Lakshmipur Kholabaria,লক্ষ্মীপুর খোলাবাড়িয়া
Lakshmipur Paurashava,লক্ষ্মীপুর পৌরসভা
Lakshmir Char,লক্ষ্মীর চর
Lakshmitari,লক্ষ্মীতরী
Lal Pur,লাল পুর
Lala Bazar,লালা বাজার
Lalanagar,লালানগর
Lalmohan,লালমোহন
Lalore,লালোর
Lalpur,লালপুর
Lalua,লালুয়া
Lama,লামা
Lama Kazi,লামা কাজী
Lama Paurashava,লামা পৌরসভা
Lamatashi,লামাতাশি
Lamchar,লামচড়
Langadu,লাংগদু
Langair,লাংগাইর
Laskar,লস্কর
Laskardia,লস্করদিয়া
Laskarpur,লসকরপুর
Lata,লতা
Lata Chapli,লতা চাপলি
Latabdi,লতাবদি
Latibabad,লতিবাবাদ
Latiban,লাতিবান
Latifpur,লতিফপুর
Laudubi,লাউডুবি
Lauhati,লাউহাটি
Laukati,লাউকাঠি
Laur Fatehpur,লাউড় ফতেহপুর
Lauta,লাউটা
Lebukhali,লেবুখালী
Lebutala,লেবুতলা
Lehemba,লেহেমবা
Lelang,লেলাং
Lemsikhali,লেমসিখালি
Lemua,লেমুয়া
Lengura,লেঙ্গুড়া
Lesraganj,লেসরাগঞ্জ
Logang,লোগাং
Lohagara,লোহাগড়া
Lohagara Paurashava,লোহাগড়া পৌরসভা
Lohajang Teotia,লোহজং তেওতিয়া
Lohajuri,লোহাজুরি
Lohalia,লোহালিয়া
Lohani Para,লোহানী পাড়া
Loneshwar,লোনেশ্বর
Lord Hardinje,লর্ড হার্ডিংজ
Lukhra,লুখরা
Luter Char,লুটের চর
M.Baliatali,এম.বালিয়াতলি
Machh Para,মাছ পাড়া
Machhihata,মাছিহাটা
Madan,মদন
Madan Paurashava,মদন পৌরসভা
Madankhali,মদনখালী
Madanpur,মদনপুর
Madanpura,মদনপুরা
Madapur,মাদাপুর
Madarbunia,মাদারবুনিয়া
Madarganj Paurashava,মাদারগঞ্জ পৌরসভা
Madaripur Paurashava,মাদারীপুর পৌরসভা
Madarsa,মাদারসা
Madati,মাদাতি
Madhab Pasha,মাধব পাশা
Madhabdi Paurashava,মাধবদি পৌরসভা
Madhabkhali,মাধাবখালি
Madhabpur,মাধবপুর
Madhabpur Paurashava,মাধবপুর পৌরসভা
Madhainagar,মাধাইনগর
Madhnagar,মাধনগর
Madhuhati,মধুহাটি
Madhukhali,মাধুখলি
Madhupur,মধুপুর
Madhupur Paurashava,মধুপুর পৌরসভা
Madhya (mechachal Union),মধ্য (মেকাচাল ইউনিয়ন)
Madhyanagar,মধ্যনগর
Madhyapara,মধ্যপাড়া
Madla,মদলা
Magar,মাগার
Magban,মগবান
Magdhara,মাঘাড়া
Maghadia,মঘাদিয়া
Maghan,মঘান
Maghan Siadhar,মাঘান সিয়াধর
Maghi,মাঘী
Maghia,মাঘিয়া
Magnama,মগনামা
Magra,মাগরা
Magtala,মগতলা
Magura,মাগুরা
Magura Binod,মাগুরা বিনোদ
Magura Paurashava,মাগুরা পৌরসভা
Maguraghona,মাগুড়াঘোনা
Magurkhali,মাগুরখালি
Mahadan,মহাদান
Mahadebpur,মহাদেবপুর
Mahajanpur,মহাজনপুর
Mahakali,মহাকালি
Mahalchhari,মহলছড়ি
Mahamudnagar,মাহামুদনগর
Maharajpur,মহারাজপুর
Mahendranagar,মহেন্দ্রনগর
Mahera,মাহেরা
Maheshkhali Paurashava,মহেশখালী পৌরসভা
Maheshpur,মহেশপুর
Maheshpur Paurashava,মহেশপুর পৌরসভা
Maheshwaripur,মহেশ্বরীপুর
Mahichal,মহিচল
Mahilara,মাহিলাড়া
Mahimaganj,মহিমাগঞ্জ
Mahinanda,মহিনন্দ
Mahisar,মহিষার
Mahishaban,মহিষাবান
Mahishasura,মহিষাসুরা
Mahishkhocha,মহিষখোচা
Mahmudpur,মাহমুদপুর
Maidan Dighi,ময়দান দিঘি
Maidang,মৈদং
Maidanhata,ময়দানহাটা
Maij Char,মাইজ চর
Maij Khapan,মাইজ খাপান
Maij Para Union,মাইজ পাড়া ইউনিয়ন
Maijbagh,মাইজবাগ
Maijbari,মাইজবাড়ি
Maijgaon,মাইজগাঁও
Maijkhara,মাইজখাড়া
Mailakanda,মাইলাকান্দা
Mainamati,ময়নামতি
Mainani,মইনানি
Maisatua,মাইসাতুয়া
Maishadi,মাইশাদি
Maitbhanga,মাইতভাঙ্গা
Majchar,মাঝচর
Majgaon,মাজগাঁও
Majh Para,মাঝ পাড়া
Majhardia,মাঝহরদিয়া
Majhbari,মাঝবাড়ি
Majhigati,মাঝিগতী
Majhihatta,মাঝিহাটা
Majhira,মাঝিরা
Majidbari,মাজিদবাড়ি
Majidpur,মাজিদপুর
Majlishpur,মজলিশপুর
Makrampur,মাকরামপুর
Malancha,মালাঞ্চা
Malanchi,মালঞ্চি
Malapara,মালাপাড়া
Maliat,মালিয়াত
Malibari,মালিবাড়ি
Maligachha,মালিগাছা
Malihad,মালিহাদ
Malijhikanda,মালিঝিকান্দা
Malikhali,মালিখালি
Malkhanagar,মালখানগর
Mallikbari,মল্লিকবাড়ি
Malliker Ber,মল্লিকের বেড়
Mallikpur,মল্লিকপুর
Mamudnagar,মামুদনগর
Mamudpur,মামুদপুর
Manakosa,মানাকোসা
Manda,মান্ডা
Mandari,মান্দারী
Manderbari,মান্দারবাড়ী
Mangalkandi,মঙ্গলকান্দি
Mangalkot,মাঙ্গলকোট
Mangalpur,মঙ্গলপুর
Maniand,মানিয়ান্দ
Maniari,মানিয়ারি
Manigram,মণিগ্রাম
Manikchhari,মানিকছড়ি
Manikdaha,মানিকদহ
Maniker Char,মানিকের চর
Manikganj Paurashava,মানিকগঞ্জ পৌরসভা
Manikhat,মানিখাট
Manikpur,মানিকপুর
Manirampur,মনিরামপুর
Manirampur Paurashava,মনিরামপুর পৌরসভা
Mankon,মানকন
Manmathapur,মনমথপুর
Mannargaon,মান্নারগাঁও
Manohardi Paurashava,মনোহরদি পৌরসভা
Manohardia,মনোহরদিয়া
Manoharpur,মনোহরপুর
Manpura,মনপুরা
Mansur Nagar,মনসুর নগর
Mansurnagar,মনসুরনগর
Manumukh,মনুমুখ
Maoha,মাওহা
Maona,মাওনা
Marania,মারানিয়া
Marea Bamanhat,মারিয়া বামনহাট
Maria,মারিয়া
Mariamnagar,মারিয়ামনগর
Maricha,মারিচা
Marichbunia,মারিচবুনিয়া
Marichpura,মারিচপুরা
Marishya,মারিশ্যা
Marjal,মারজাল
Maruka,মারুকা
Maschhari,মাসছড়ি
Mashakhali,মশাখালি
Mashka,মাশকা
Masidpur,মাসিদপুর
Masimpur,মাসিমপুর
Masua,মাসুয়া
Masundia,মাসুন্দিয়া
Maswimnagar,মশ্বিমনগর
Matabi,মাতাবি
Matarbari,মাতারবারি
Matbarer Char,মাতবড়ের চর
Mathabanga,মাথাভাংগা
Mathbari,মাথবাড়ি
Mathbaria,মাঠবাড়িয়া
Mathiura,মাথিউড়া
Mathu Bhuiyan,মথু ভূইয়া
Mathurapur,মাথুরাপুর
Mathureshpur,মথুরেশপুর
Matibhanga,মাটিভাঙ্গা
Matiganj,মতিগঞ্জ
Matikata,মাটিকাটা
Matindhar,মতিন্ধার
Matiranga,মাটিরাঙ্গা
Matiranga Paurashava,মাটিরাঙ্গা পৌরসভা
Matlab Paurashava,মতলব পৌরসভা
Matmura,মটমুরা
Matrai,মাতরাই
Matuail (part),মাতুয়াইল (অংশ)
Maugachhi,মউগাছি
Maugati,মৌগাতি
Mauli,মাউলি
Maulvibazar Paurashava,মৌলভীবাজার পৌরসভা
Maurat,মাউরাট
Mautala,মাউতলা
Mayani,মায়ানী
Mayanimukh,মায়ানীমুখ
Mayenpur,মায়েনপুর
Mazampur,মাজামপুর
Mechhra,মেছড়া
Medini Mandal,মেদিনী মন্ডল
Medni,মেদনি
Medua,মেদুয়া
Meduary,মেদুয়ারি
Megchami,মেগচামি
Mehari,মেহারি
Mehendiganj,মেহেন্দিগঞ্জ
Meher Para,মেহের পাড়া
Meherpur Paurashava,মেহেরপুর পৌরসভা
Mekhal,মেখাল
Melandaha Paurashava,মেলান্দহ পৌরসভা
Memania,মেমানিয়া
Mendipur,মেন্দিপুর
Merung,মেরুং
Merur Char,মেরুর চর
Meshta,মেশতা
Milanpur,মিলনপুর
Mir Warishpur,মীর ওয়ারিশপুর
Mirahi,মিরাহী
Mirat,মিরাট
Mirganj,মীরগঞ্জ
Mirkadim Paurashava,মীরকাদিম পৌরসভা
Mirpur,মিরপুর
Mirpur Paurashava,মিরপুর পৌরসভা
Mirsharai,মিরসরাই
Mirsharai Paurashava,মিরসরাই পৌরসভা
Mirukhali,মিরুখালি
Mirzabari,মির্জাবাড়ি
Mirzaganj,মির্জাগঞ্জ
Mirzanagar,মির্জানগর
Mirzapur,মির্জাপুর
Mirzapur Paurashava,মির্জাপুর পৌরসভা
Mirzar Char,মির্জার চর
Mithaganj,মিঠাগঞ্জ
Mithakhali,মিঠাখালি
Mithamain,মিঠামাইন
Mithanala,মিঠানালা
Mithapur,মিঠাপুর
Mizanpur,মিজানপুর
Moazzempur,মোয়াজ্জেমপুর
Mobarakpur,মোবারকপুর
Mochna,মোচনা
Mogalbachha,মোগলবাছা
Mogalgaon,মোগলগাঁও
Mogalhat,মোগলহাট
Mogla Bazar,মোগলা বাজার
Mogra,মোগরা
Mohadebpur,মহাদেবপুর
Mohadipur,মোহাদীপুর
Mohamadpur,মোহাম্মদপুর
Mohamaya,মোহনমায়া
Mohammadabad,মোহাম্মদাবাদ
Mohammadpur,মোহাম্মদপুর
Mohammadpur Paschim,মোহাম্মদপুর পশ্চিম
Mohammadpur Purba,মোহাম্মদপুর পূর্ব
Mohan Pur,মোহনপুর
Mohanganj,মোহনগঞ্জ
Mohanganj Paurashava,মোহনগঞ্জ পৌরসভা
Mohanpur,মোহনপুর
Moharajpur,মহারাজপুর
Mokam,মোকাম
Mokamia,মোকামিয়া
Mokamtala,মোকামতলা
Mokara,মোকারা
Mokarimpur,মোকরিমপুর
Mokhna,মোখনা
Mokrabpur,মোকরাবপুর
Mokshapur,মোক্ষাপুর
Moktarpur,মোক্তারপুর
Mollah Para,মোল্লা পাড়া
Mollahat,মোল্লাহাট
Mollahkandi,মোল্লাহকান্দি
Mollahpur,মোল্লাপুর
Mollar Char,মুল্লার চর
Mollargaon,মোল্লারগাঁও
Mominpur,মোমিনপুর
Monakhali,মনাখালী
Mongla Port Paurashava,মংলা বন্দর পৌরসভা
Morrelganj,মোরেলগঞ্জ
Morrelganj Paurashava,মোরেলগঞ্জ পৌরসভা
Moshinda,মোশিন্দা
Mostafapur,মোস্তফাপুর
Mothurapur,মথুরাপুর
Mouchak,মৌচাক
Moyna,ময়না
Mriga,মৃগা
Mrigi,মৃগী
Mubachhari,মুবাছড়ি
Mudafarganj,মুদাফরগঞ্জ
Mugra Para,মুগড়া পাড়া
Mujib Nagar,মুজিব নগর
Muksudpur,মুকসুদপুর
Muksudpur Paurashava,মুকসুদপুর পৌরসভা
Muktagachha Paurashava,মুক্তাগাছা পৌরসভা
Muktanagar,মুক্তানগর
Muktarer Char,মুকতারের চর
Mukundapur,মুকুন্দপুর
Muladi,মুলাদি
Muladuli,মুলাদুলি
Mulghar,মুলঘর
Mulgram,মুলগ্রাম
Mulia,মুলিয়া
Mulna,মুলনা
Mumurdia,মুমুরদিয়া
Mundumala Paurashava,মুন্ডুমালা পৌরসভা
Munotosh,মুনোতোষ
Munshi Bazar,মুন্সী বাজার
Munshiganj,মুনশিগঞ্জ
Munshiganj Paurashava,মুন্সীগঞ্জ পৌরসভা
Munshirhat,মুনশিরহাট
Mura Para,মুড়া পাড়া
Muradia,মুরাদিয়া
Muradnagar,মুরাদনগর
Muradpur,মুরাদপুর
Murakari,মুরাকাড়ি
Muria,মুরিয়া
Muriauk,মুরিয়াউক
Musapur,মুসাপুর
Mushidhat,মুর্শিদহাট
Mustafapur,মুস্তফাপুর
Musuddi,মুসুদ্দি
Musuli,মুসুলি
Muzaffarpur,মুজাফ্ফরপুর
Mymensingh Paurashava,ময়মনসিংহ পৌরসভা
Nabagram,নবগ্রাম
Nabharan,নাভারণ
Nabiganj,নবীগঞ্জ
Nabiganj Paurashava,নবীগঞ্জ পৌরসভা
Nabinagar Paurashava,নবীনগর পৌরসভা
Nabipur,নবপুর
Nachan Mohal,নাচান মহল
Nachna Para,নাচনা পাড়া
Nachole,নাচোল
Nachole Paurashava,নাচোল পৌরসভা
Nadana,নদনা
Nafanagar,নাফানগর
Nagar,নগর
Nagarghata,নগরঘাটা
Nagari,নগরী
Nagarkanda Paurashava,নগরকান্দা পৌরসভা
Nagarpur,নগরপুর
Nagbari,নাগবাড়ি
Nagda Simla,নাগদা শিমলা
Nagdaha,নাগদহ
Nagdemra,নাগডেমরা
Nager Para,নাগের পাড়া
Nahata,নাহাটা
Naihati,নাইহাটি
Naikhongchhari,নাইখংছরি
Nakai,নাকাই
Nakla,নাকলা
Nakla Paurashava,নাকলা পৌরসভা
Nakol,নাকোল
Nalchira,নলচিরা
Naldanga,নলডাঙ্গা
Naldanga Paurashava,নলডাঙ্গা পৌরসভা
Naldha Maubhog,নলধা মাউভোগ
Naldi,নলদি
Nali,নালি
Nalian Range,নলিয়ান রেঞ্জ
Nalitabari,নালিতাবাড়ী
Nalitabari Paurashava,নলিতাবাড়ি পৌরসভা
Nalka,নলকা
Nalkura,নলকুড়া
Nalmuri,নলমুড়ি
Nalta,নলতা
Naltona,নলটোনা
Nalua,নালুয়া
Namuja,নামুজা
Nandail,নন্দাইল
Nandail Paurashava,নন্দাইল পৌরসভা
Nandalalpur,নন্দলালপুর
Nandanpur,নন্দনপুর
Nandigram,নন্দিগ্রাম
Nandigram Paurashava,নন্দিগ্রাম পৌরসভা
Nandirgaon,নন্দিরগাঁও
Nangalkot,নাঙ্গলকোট
Nangalkot Paurashava,নাঙ্গলকোট পৌরসভা
Nangalmora,নাংলমোড়া
Nangalthara,নাঙ্গালথড়া
Nangla,নাংলা
Naniarchar,নানিয়ারছড়ি
Nanikshir,ননিক্ষীর
Nannar,নান্নার
Nanupur,নানুপুর
Naodanga,নাওডাঙ্গা
Naodoba,নাওডোবা
Naogaon,নওগাঁও
Naogaon Paurashava,নওগাঁ পৌরসভা
Naotara,নাওতাড়া
Narahatta,নরহাট্টা
Narail,নরাইল
Narail Paurashava,নড়াইল পৌরসভা
Narandi,নারান্দি
Narandia,নারান্দিয়া
Narayandia,নারায়ণদিয়া
Narayanganj Paurashava,নারায়ণগঞ্জ পৌরসভা
Narayanhat,নারায়ণহাট
Narayanpur,নারায়ণপুর
Narchi,নারচি
Nardas,নরদাস
Narendrapur,নরেন্দ্রপুর
Nargun,নরগুন
Naria Paurashava,নড়িয়া পৌরসভা
Narikelbaria,নারিকেলবাড়িয়া
Narisha,নারিশা
Narnia,নার্নিয়া
Narottampur,নরোত্তমপুর
Narsing Pur,নরসিংপুর
Narsingdi Paurashava,নরসিংদী পৌরসভা
Narua,নারুয়া
Naruamala,নারুয়ামালা
Narundi,নরুন্দি
Nasasan,নাসাসান
Nasipur,নশিপুর
Nasirabad,নাসিরাবাদ
Nasirnagar,নাসিরনগর
Nasratpur,নশরতপুর
Nateshwar,নাতেশ্বর
Natghar,নাটঘর
Nather Petua,নাথের পেটুয়া
Nathullabad,নাথুল্লাবাদ
Natima,নাটিমা
Natipota,নতিপোতা
Natore Paurashava,নাটোর পৌরসভা
Natuar Para,নাটুয়ার পাড়া
Nawabpur,নবাবপুর
Naya Naobhanga,নয়া নাওভাঙ্গা
Nayabari,নয়াবাড়ি
Nayabil,নায়াবিল
Nayakhola,নয়াখোলা
Nayanagar,নয়ননগর
Nayansree,নয়নশ্রী
Nayekpur,নায়েকপুর
Nayerhat,নায়েরহাট
Nazarpur,নজরপুর
Nazimkhan,নাজিমখান
Nazipur,নজিপুর
Nazirabad,নাজিরাবাদ
Nazirganj,নাজিরগঞ্জ
Nazirpur,নাজিরপুর
Nehalpur,নেহালপুর
Nekmarad,নেকমরদ
Nepa,নেপা
Nepaltali,নেপালতলী
Nesarabad (Swarupkati),নেসারাবাদ (স্বরূপকাঠি)
Netrokona Paurashava,নেত্রকোনা পৌরসভা
Newashi,নিউয়াসি
Nhilla,ন্হিল্লা
Niamati,নিয়ামতি
Niamatpur,নিয়ামতপুর
Niazpur,নিয়াজপুর
Nibaskhola,নিবাসখোলা
Nigair,নিগাইর
Nij Bahadurpur,নিজ বাহাদুরপুর
Nijamkandi,নিজামকান্দি
Nijpara,নিজপাড়া
Nijpat,নিজপত
Nikli,নিকলি
Nikrail,নিকরাইল
Nilakhi,নীলাখী
Nilakhya,নীলখ্যা
Nilakshmia,নীলাক্ষমিয়া
Nilganj,নীলগঞ্জ
Nilkamal,নীলকমল
Nimaichara,নিমাইচড়া
Nimgachhi,নিমগাছি
Nimpara,নিমপাড়া
Nirmail,নির্মাইল
Nishanbaria,নিশানবাড়ীয়া
Nishchintapur,নিশ্চিন্তপুর
Nishindara,নিশিন্দারা
Nitai,নিতাই
Nithpur,নিথপুর
Nityanandapur,নিত্যানন্দপুর
Nizampur,নিজামপুর
Nizra,নিজড়া
Noa Para,নোয়া পাড়া
Noabad,নোয়াবাদ
Noagaon,নওগাঁও
Noagram,নোয়াগ্রাম
Noahata Paurashava,নোয়াহাটা পৌরসভা
Noajispur,নোয়াজিসপুর
Noakhali,নোয়াখালী
Noakhali Paurashava,নোয়াখালী পৌরসভা
Noamala,নোয়ামালা
Noannai,নোয়ানাই
Noapara,নোয়াপাড়া
Noapara Paurashava,নোয়াপাড়া পৌরসভা
Noarai,নোয়ারাই
Noarpara,নোয়ারপাড়া
Nohali,নোহালী
Nonduar,নন্দুয়ার
Noongola,নুনগোলা
Noonkhawa,নুনখাওয়া
North Char Ababil,উত্তর চর আবাবিল
North Char Bangshi,উত্তর চার বাংশী
Nowa Patang,নোয়া পাতং
Nowdabash,নওদাবাশ
Nozipur Paurashava,নজিপুর পৌরসভা
Nudmulla,নুদমুল্লা
Nunni,নুন্নি
Nurabad,নুরাবাদ
Nuralla Pur U/C,নুরল্লা পুর ইউ/সি
Nurnagar,নূরনগর
Nurpur,নূরপুর
Nurullabad,নুরুল্লাবাদ
Nurullaganj,নুরুল্লাগঞ্জ
Nutan Bharenga,নতুন ভারেঙ্গা
Omar,ওমর
Omar Majid,ওমর মজিদ
Omarpur,ওমরপুর
Orakandi,ওরাকান্দি
Osmanganj,ওসমানগঞ্জ
Osmanpur,ওসমানপুর
Otra,অত্রা
Pabna Paurashava,পাবনা পৌরসভা
Pabnapur,পাবনাপুর
Pachandar,পাঁচন্দর
Pachim Hatila,পশ্চিম হাটিলা
Padma Pukur,পদ্মপুকুর
Padmabila,পদ্মাবিলা
Padmakar,পদ্মাকর
Padri Shibpur,পাদ্রী শিবপুর
Padua,পদুয়া
Padumsahar,পাদুমশহর
Paglakanai,পাগলাকানাই
Pahar Pur,পাহাড়পুর
Pahardanga,পাহাড়ডাঙ্গা
Pahariakandi,পাহাড়িয়াকান্দি
Paharpur,পাহাড়পুর
Pahartali,পাহাড়তলী
Paik Para,পাইকপাড়া
Paikar,পাইকার
Paikar Char,পাইকার চর
Paikara,পাইকাড়া
Paiker Chhara,পাইকের ছাড়া
Paikgachha Paurashava,পাইকগাছা পৌরসভা
Paikkandi,পাইক্কান্দি
Paikura,পাইকুড়া
Paikurati,পাইকুরাটি
Paila,পাইলা
Pailarkandi,পাইলারকান্দি
Pailgaon,পাইলগাঁও
Paindanga,পাইনডাঙ্গা
Paindu,পাইন্দু
Pairaband,পাইরাবন্দ
Paiska,পাইসকা
Paithal,পাইথাল
Paitkabari,পাইতকাবাড়ি
Pak Shimul,পাক শিমুল
Pakri,পাকড়ি
Pakshi,পাকশী
Pakshia,পাকশিয়া
Pakulla,পাকুল্লা
Pakundia,পাকুন্দিয়া
Pakundia Paurashava,পাকুন্দিয়া পৌরসভা
Pakuria,পাকুরিয়া
Pakutia,পাকুটিয়া
Palash,পলাশ
Palashbari,পলাশবাড়ি
Palashbaria,পলাশবাড়িয়া
Palashi,পলাশী
Palashtali,পলাশতলি
Palbandha,পালবান্ধা
Paler Char,পালের চর
Pali Prayagpur,পলি প্রয়াগপুর
Palong,পালং
Palong Khali,পালং খালি
Palsa,পালসা
Palsi,পালসি
Paltapur,পাল্টাপুর
Pamuli,পামুলি
Panch Char,পঞ্চ চর
Panch Pukur,পাঁচ পুকুর
Pancha Koralia,পচাকোড়ালিয়া
Pancha Krushi,পাঁচকৃষি
Panchagarh,পঞ্চগড়
Panchagram,পাঁচগ্রাম
Panchakaran,পঞ্চকরণ
Panchasar,পঞ্চসার
Panchbhag,পাঁচভাগ
Panchbibi Paurashava,পাঁচবিবি পৌরসভা
Panchdona,পাঁচদোনা
Panchgachha,পাঁচগাছা
Panchgachhiya,পাঁচগাছিয়া
Panchgaon,পঞ্চগাঁও
Panchhari,পাঁচছড়ি
Panchkhola,পাঁচখোলা
Panchpir,পাঁচপির
Panchthubi,পাঁচথুবি
Panchupur,পাঁচুপুর
Panchuria,পাঁচুরিয়া
Pandergaon,পান্ডেরগাঁও
Pandul,পান্ডুল
Panga Matukpur,পাংগা মটকপুর
Pangashi,পাংগাশি
Pangashia,পাংগাশিয়া
Pangsha Paurashava,পাংশা পৌরসভা
Panisara,পানিসাড়া
Paniunda,পানিউণ্ডা
Panjia,পানজিয়া
Panka,পাঁকা
Pankhali,পানখালি
Panpatty,পানপট্টি
Pantha Para,পান্থ পাড়া
Panti,পান্তি
Par Ramrampur,পার রামরামপুর
Paraikora,পরৈকোড়া
Parail,পারইল
Parameshwardi,পরমেশ্বরদী
Paranganj,পারানগঞ্জ
Paranpur,পরানপুর
Paratali,পরাতলি
Parbatinagar,পার্বতীনগর
Parbatipur,পার্বতীপুর
Parbhanguria,পারভাঙ্গুরিয়া
Parerhat,পারেরহাট
Paria,পাড়িয়া
Parila,পাড়াইলা
Parki,পারকী
Parkote,পারকোট
Parshadanga,পার্শ্বডাঙ্গা
Parshuram Paurashava,পরশুরাম পৌরশব
Parua,পারুয়া
Parul,পারুল
Parulia,পারুলিয়া
Pasargati,পাসারগতি
Paschim Baluthupa,পশ্চিম বালুথুপা
Paschim Bangara,পশ্চিম বাঙারা
Paschim Bara Bhakhair,পশ্চিম বড় ভাখাইর
Paschim Bara Bheola,পশ্চিম বড় ভেওলা
Paschim Barkul,পশ্চিম বড়কুল
Paschim Birgaon,পশ্চিম বিরগাও
Paschim Char Dukhia,পশ্চিম চর দুখিয়া
Paschim Char Umed,পশ্চিম চর উমেদ
Paschim Chhatnai,পশ্চিম ছাতনাই
Paschim Dhemsa,পশ্চিম ঢেমসা
Paschim Dighirpar,পশ্চিম দিঘীরপার
Paschim Fatehpur,পশ্চিম ফতেহপুর
Paschim Gauripur,পশ্চিম গৌরীপুর
Paschim Gomdandi,পশ্চিম গোমদন্ডি
Paschim Gupti,পশ্চিম গুপ্তি
Paschim Guzara,পশ্চিম গুজারা
Paschim Illisha,পশ্চিম ইলিশা
Paschim Jaflong,পশ্চিম জাফলং
Paschim Jorekaran,পশ্চিম জোরেকরণ
Paschim Juri,পশ্চিম জুড়ি
Paschim Lakshmip Rasad,পশ্চিম লক্ষ্মীপ রসদ
Paschim Nabinagar,পশ্চিম নবীনগর
Paschim Nabipur,পশ্চিম নবিপুর
Paschim Pagla,পশ্চিম পাগলা
Paschim Pailanpur,পশ্চিম পাইলানপুর
Paschim Panchgachhia,পশ্চিম পাঁচগাছিয়া
Paschim Purbadhair,পশ্চিম পূর্বধাইর
Paschim Rupasdi,পশ্চিম রূপাসদি
Paschim Sahadebpur,পশ্চিম সহদেবপুর
Paschim Saifullakandi,পশ্চিম সাইফুলকান্দি
Paschim Subidpur,পশ্চিম সুবিদপুর
Paschim Talsahar,তালশহর পশ্চিম
Paschim Ujan Char,পশ্চিম উজান চর
Pashapole,পাশাপোল
Pashuram,পশুরাম
Patabhog,পাতাভোগ
Patali,পাতালি
Patali Machhuakhali,পাটালী মাছুয়াখালী
Patanushar,পতানুশার
Patarir Hat,পাতারীর হাট
Patgati,পাটগতি
Patgram,পাটগ্রাম
Pathachhara,পথাছড়া
Pathair,পাথাইর
Pathakata,পাথাকাটা
Pathalia (part),পাথালিয়া (অংশ)
Pathannagar,পাঠাননগর
Pathardubi,পাথরডুবি
Patharghata,পাথরঘাটা
Pathari,পাথরি
Patharia,পাথারিয়া
Patharsi,পাথারসি
Pathrail,পাথরাইল
Patibila,পাতিবিলা
Patichara,পাতিছড়
Patika Para,পাটিকা পাড়া
Patiya Paurashava,পটিয়া পৌরসভা
Patkelghata,পাটকেলঘাটা
Patnitala,পটনিতলা
Patta,পাট্টা
Pattan,পত্তন
Pattashi,পত্তাশী
Patuabhanga,পটুয়াভাঙ্গা
Patuli,পাটুলি
Paurashava,পৌরসভা
Payari,পেয়ারি
Payra,পায়রা
Pearpur,পেয়ারপুর
Pekua,পেকুয়া
Perachhara,পেরাছড়া
Peria,পেরিয়া
Perikhali,পেরিখালি
Perkrishnapur Madna,পারকৃষ্ণপুর মদনা
Perul (Dakshin),পেরুল (দক্ষিন)
Perul (Uttar),পেরুল (উত্তর)
Peruli,পেরুলি
Philipnagar,ফিলিপনগর
Phulbari,ফুলবাড়ি
Phuljhury,ফুলজুরি
Phulpur,ফুলপুর
Phulpur Paurashava,ফুলপুর পৌরসভা
Phulsara,ফুলসাড়া
Phulsuti,ফুলসুটি
Phultala,ফুলতলা
Piljanga,পিলজাঙ্গা
Pingna,পিংনা
Pinjuri,পিনজুরি
Piprul,পিপড়ুল
Pir Jatrapur,পীর যাত্রাপুর
Pirab,পিরাব
Pirgachha,পীরগাছা
Pirganj,পীরগঞ্জ
Pirijpur,পিরিজপুর
Pirojpur,পিরোজপুর
Pogaldigha,পোগালদিঘা
Pogla,পোগলা
Poil,পইল
Pokkhali,পোকখালি
Pomara,পোমারা
Ponabalia,পোনাবালিয়া
Popadia,পোপাদিয়া
Pora Kandulia,পোড়া কান্দুলিয়া
Porabari,পোড়াবাড়ি
Poradaha,পোড়াদহ
Poragaon,পোড়াগাঁও
Porahati,পোড়াহাটি
Porjana,পোরজানা
Potajia,পোতাজিয়া
Prahladpur,প্রহ্লাদপুর
Prambag,প্রেমবাগ
Prasadpur,প্রসাদপুর
Pratap Nagar,প্রতাপ নগর
Prayagpur,প্রয়াগপুর
Prithim Pasha,পৃথিম পাশা
Pubail,পুবাইল
Puichhari,পুইছড়ি
Puisur,পুইসুর
Pukhra,পুখরা
Pukuria,পুকুরিয়া
Pumdi,পুমদি
Punat,পুনাট
Punatti,পূনত্তি
Punchgachhi,পাঞ্চগাছি
Pungali,পুঙ্গালি
Pura Para,পুরা পাড়া
Puran Bharenga,পুরাণ ভারেঙ্গা
Puranagar,পুরানগর
Puranapail,পুরানাপাইল
Purba Austagram,পুর্ব অস্টগ্রাম
Purba Baluthupa,পূর্ব বালুথুপা
Purba Bangara,পূর্ব বাঙারা
Purba Bara Bakhair,বড় ভাকৈর (পূর্ব)
Purba Barabheola,পূর্ব বড় ভেওলা
Purba Barkul,পূর্ব বড়কুল
Purba Birgoan,পূর্ব বিরগাও
Purba Chandrapur,পূর্ব চন্দ্রপুর
Purba Char Bata,পুর্ব চর বাটা
Purba Char Dukhia,পূর্ব চর দুখিয়া
Purba Char Matua,পুর্ব চর মাতুয়া
Purba Chhatnai,পূর্ব ছাতনাই
Purba Damudya,পূর্ব ডামুড্যা
Purba Deulbaridobra,পুর্বা দেওলবাড়ি ডোবড়া
Purba Dighirpar,পূর্ব দিঘীরপার
Purba Fatehpur,পূর্ব ফতেহপুর
Purba Gauripur,পূর্ব গৌরীপুর
Purba Gomdandi,পুর্বা গোমদন্ডি
Purba Gupti,পূর্ব গুপ্তি
Purba Guzara,পূর্ব গুজারা
Purba Jaflong,পূর্ব জাফলং
Purba Jorekaran,পূর্ব জোরেকরণ
Purba Juri,পূর্ব জুড়ি
Purba Lakshmi Prasad,পূর্ব লক্ষ্মী প্রসাদ
Purba Nabinagar,পূর্ব নবীনগর
Purba Nabipur,পূর্ব নবিপুর
Purba Naodoba,পুর্বা নাওডোবা
Purba Pagla,পূর্ব পাগলা
Purba Pailanpur,পূর্ব পাইলানপুর
Purba Purbadhair,পূর্ব পূর্বাধাইর
Purba Rupasdi,পূর্ব রূপাসদি
Purba Sahadebpur,পূর্ব সহদেবপুর
Purba Saifullakandi,পূর্ব সাইফুলকান্দি
Purba Subidpur,পূর্ব সুবিদপুর
Purba Talsahar,পূর্ব তালশহর
Purba Ujan Char,পূর্ব উজান চর
Purbabagh,পূর্ববাগ
Purbadhala,পূর্বধলা
Purbadhala Paurashava,পূর্বধলা পৌরসভা
Purnimaganti,পূর্ণিমাগান্তি
Purulia,পুরুলিয়া
Putail,পুতাইল
Puthia,পুথিয়া
Puthia Paurashava,পুথিয়া পৌরসভা
Putia,পুটিয়া
Putibila,পুটিবিলা
Putijana,পুটিজানা
Putijuri,পুতিজুড়ি
Putikhali,পুটিখালী
Putimara,পুটিমাড়া
Putimari,পুটিমাড়ি
Putkhali,পুটখালি
Radhaganj,রাধাগঞ্জ
Radhakanai,রাধাকানাই
Radhanagar,রাধানগর
Rafinagar,রাফিনগর
Raghab Dair,রাঘব দাইর
Raghdi,রাঘদী
Raghunathpur,রঘুনাথপুর
Rahanpur Paurashava,রহনপুর পৌরসভা
Rahimanpur,রহিমনপুর
Rahimganj,রহিমগঞ্জ
Rahimpur,রহিমপুর
Rahmatpur,রহমতপুর
Raihanpur,রায়হানপুর
Raikali,রাইকালি
Raikhali,রাইখালি
Raipur,রায়পুর
Raituti,রাইটুটি
Raja Palong,রাজা পালং
Rajabari,রাজাবাড়ি
Rajaganj,রাজাগঞ্জ
Rajagaon,রাজাগাঁও
Rajahar,রাজাহার
Rajai,রাজাই
Rajakhali,রাজাখালি
Rajamehar,রজামেহর
Rajanagar,রাজানগর
Rajapur,রাজাপুর
Rajarhat,রাজারহাট
Rajarkul,রাজারকুল
Rajbari Paurashava,রাজবাড়ী পৌরসভা
Rajbila,রাজবিলা
Rajendrapur,রাজেন্দ্রপুর
Rajganj,রাজগঞ্জ
Rajgati,রাজগতি
Rajghat,রাজঘাট
Rajibpur,রাজিবপুর
Rajiher,রাজিহের
Rajnagar,রাজনগর
Rajoir,রাজৈর
Rajpat,রাজপত
Rajpur,রাজপুর
Rajrajeshwar,রাজরাজেশ্বর
Rakhal Buruz,রাখাল বুরুজ
Rakhalgachhi,রাখালগাছি
Ramananda Khajura,রামানন্দ খাজুরা
Rambhadrapur,রামভদ্রপুর
Ramchandrakura Mandalia,রামচন্দ্রকুড়া মণ্ডলিয়া
Ramchandrapur,রামচন্দ্রপুর
Ramdi,রামদী
Rameshwarpur,রামেশ্বরপুর
Ramganj,রামগঞ্জ
Ramganj Paurashava,রামগঞ্জ পৌরসভা
Ramgarh,রামগড়
Ramgarh Paurashava,রামগড় পৌরসভা
Ramgati Paurashava,রামগতি পৌরসভা
Ramgopalpur,রামগোপালপুর
Ramjan Nagar,রমজান নগর
Ramjanpur,রামজানপুর
Ramjiban,রামজীবন
Ramkantapur,রামকান্তপুর
Ramkhana,রামখানা
Ramkrishnapur,রামকৃষ্ণপুর
Ramna,রমনা
Ramnagar,রামনগর
Ramnarayanpur,রামনারায়ণপুর
Ramnathpur,রামনাথপুর
Rampal,রামপাল
Rampasha,রামপাশা
Rampur,রামপুর
Ramrail,রামরাইল
Ramshil,রামশীল
Ranachandi,রানাচান্দি
Ranagachha,রানাগাছা
Ranapasha,রানাপাশা
Rangabali,রাঙ্গাবালি
Rangamati Paurashava,রাঙামাটি পৌরসভা
Rangamatia,রাঙ্গামাটিয়া
Rangaon,রণগাঁও
Rangar Char,রাঙ্গার চর
Rangasree,রঙ্গশ্রী
Rangchhati,রাংছাটি
Rangopaldi,রণগোপালদী
Rangpur,রংপুর
Rangunia,রাঙ্গুনিয়া
Rangunia Paurashava,রাঙ্গুনিয়া পৌরসভা
Rani Pukur,রানী পুকুর
Rani Shimul,রানী শিমুল
Raniganj,রানীগঞ্জ
Ranigaon,রানীগাঁও
Ranihati,রানিহাটি
Ranikhai Dakshin,রানিখাই দক্ষিণ
Ranikhai Uttar,রানিখাই উত্তর
Raninagar,রাণীনগর
Raona,রাওনা
Raozan,রাওজান
Raozan Paurashava,রাওজান পৌরসভা
Rari Para,রারি পাড়া
Rarikhal,রাড়িখাল
Raruli,রারুলি
Rashid Nagar,রশিদ নগর
Rashidabad,রশিদাবাদ
Rashidpur,রশিদপুর
Rasti,রাস্তি
Rasul Pur,রসুল পুর
Rasullabad,রসুল্লাবাদ
Rasulpur,রসুলপুর
Rasunia,রসুনিয়া
Ratail,রতাইল
Ratandi Taltali,রতনদি তালতলি
Ratandia,রতনদিয়া
Ratankandi,রতনকান্দি
Ratanpur,রতনপুর
Ratna Palong,রতন পালং
Ratnapur,রত্নপুর
Rator,রাতর
Rauha,রাউহা
Rauha Betmari,রাওহা বেতমারি
Raumari,রউমারি
Rauti,রাউতি
Rayed,রাইদ
Raziura,রাজিউরা
Refayetpur,রেফায়েতপুর
Remakri Pransa,রেমাক্রি প্রানসা
Remakry,রেমাক্রী
Richi,রিচি
Rishikul,রিশিকুল
Roailbari,রোয়াইলবাড়ী
Rohanpur,রোহনপুর
Rohita,রহিতা
Roushangiri,রৌশনগিরি
Routhgaon,রাউথগাঁও
Rowail,রোয়াইল
Rowangchhari,রোয়াংছড়ি
Roy Daulatpur,রয় দৌলতপুর
Roy Pasha Karapur,রয় পাশা কারাপুর
Royenda,রয়েন্দা
Royganj,রায়গঞ্জ
Royganj Paurashava,রয়গঞ্জ পৌরসভা
Roygaon,রায়গাঁও
Royghati,রয়ঘাটি
Roygram,রয়গ্রাম
Royipur,রয়িপুর
Roykot,রয়কোট
Roynagar,রয়নগর
Roypara,রায়পাড়া
Roypur,রয়পুর
Roypur Paurashava,রয়পুর পৌরসভা
Roypura,রায়পুরা
Roypura Paurashava,রায়পুরা পৌরসভা
Rudaghara,রুদাঘরা
Rudrakar,রুদ্রকার
Ruhea,রুহিয়া
Ruhitpur,রুহিতপুর
Rukindipur,রুকিন্দীপুর
Ruma,রুমা
Rupabati,রুপাবতী
Rupakari,রূপাকারি
Rupapat,রুপাপাত
Rupasi,রুপাসি
Rupganj,রূপগঞ্জ
Rupnarayankura,রূপনারায়ণকুড়া
Ruppur,রূপপুর
Rupshipara,রূপশীপাড়া
Rustampur,রুস্তমপুর
S.k.b.(sundarpur),এস.কে.বি. (সুন্দরপুর)
Sabdalpur,সাবদালপুর
Sabekhyong,সাবেখ্যং
Sabrang,সাবরাং
Sachar,সাচড়
Sachiadah,শচিয়াদহ
Sachna Bazar,সাচনা বাজার
Sachra,সাচরা
Sadaha,সাদাহা
Sadaki,সাদাকি
Sadakpur,সাদাকপুর
Sadarpur,সদরপুর
Sadasardi,সাদাসর্দি
Sadekpur,সাদেকপুর
Sadhanpur,সাধনপুর
Sadhar Char,সাধার চর
Sadhuhati,সাধুহাটি
Sadhur Para,সাধুর পাড়া
Sadia Chandpur,সাদিয়া চাঁদপুর
Sadipur,সাদিপুর
Sadullahpur,সাদুল্লাহপুর
Sadullapur,সাদুল্লাপুর
Sadya Pushkarni,সদ্যপুস্করনী
Safapur,সাফাপুর
Safipur,সাফিপুর
Saflapur,সাফলাপুর
Saganna,সাগান্না
Sagardari,সাগরদাড়ি
Sagarkandi,সাগরকান্দি
Sagarnal,সাগরনাল
Sagladah,সাগলাদহ
Saguna,সাগুনা
Saha Para,সাহা পাড়া
Sahabad Union,সাহাবাদ ইউনিয়ন
Sahabajpur,সাহাবাজপুর
Sahabatpur,সহবতপুর
Sahadebpur,সহদেবপুর
Sahagola,সাহাগোলা
Sahanati,সহনাটি
Sahapur,সাহাপুর
Saharbil,সাহারবিল
Sahargram,শহরগ্রাম
Sahas,সাহস
Sahata,সহাটা
Sahebabad,সাহেবাবাদ
Saheber Alga,সাহেবের আলগা
Saheberhat,সাহেবেরহাট
Sahebrampur,সাহেবরামপুর
Sahedal,সহেদল
Saherkhali,সাহেরখালী
Saidabad,সাইদাবাদ
Saidergaon,সাইদেরগাঁও
Saidkati,সাইদকাটি
Saidpur,সাইদপুর
Saila Afzalabad,সাইলা আফজালাবাদ
Sailgachhi,সাইলগাছি
Saintara,সাইনতারা
Saista,সাইস্তা
Saistaganj,সায়েস্তাগঞ্জ
Sajail,সাজাইল
Sajek,সাজেক
Sakhipur,সখিপুর
Sakhipur Paurashava,সখিপুর পৌরসভা
Sakhua,সাখুয়া
Sakoa,সাকোয়া
Sakpura,শাকপুরা
Sakta,সাকতা
Sakuai,সাকুয়াই
Salamabad,সালামাবাদ
Salandar,সালন্দর
Salanga,সলঙ্গা
Salap,সলপ
Salbahan,শালবাহান
Saldanga,সালডাঙ্গা
Salia Bakpur,সালিয়া বাকপুর
Salimabad,সলিমাবাদ
Salimganj,ছলিমগঞ্জ
Salimpur,সালিমপুর
Salla,সল্লা
Sallabad,সল্লাবাদ
Saltia,সালটিয়া
Salua,সালুয়া
Samaj Sahildeo,সমাজ সহিলদেও
Samantasar,সামন্তসার
Samaspur,সমাসপুর
Samitirhat,সমিতির হাট
Samudaykati,সমুদায়কাঠি
Sandhanpur,সন্ধানপুর
Sandhara,সন্ধারা
Sandikona,সান্দিকোনা
Sandwip Paurashava,সন্দ্বীপ পৌরসভা
Sangalshi,সাঙ্গগলশী
Saniajan,সানিয়াজান
Sankhola,সাঁখোলা
Sanmandi,সানমান্দি
Sanmania,সানমানিয়া
Sannyasir Char,সন্ন্যাসীর চর
Sanora,সানোড়া
Santahar Paurashava,সান্তাহার পৌরসভা
Santhia Paurashava,সাঁথিয়া পৌরসভা
Santoshpur,সন্তোষপুর
Sanua,সানুয়া
Saorail,সাওরাইল
Sapahar,সাপাহার
Sapchhari,সাপছড়ি
Sapdhari,সাপধরি
Sapleza,সাপলেজা
Sapmara,সাপমারা
Saptibari,সপ্তিবাড়ি
Sara,সারা
Sarai,সরাই
Sarail,সরাইল
Saral,সরল
Saralia,সরলিয়া
Saranjai,সরঞ্জাই
Sarapbhata,সরপভাটা
Sarappur,সরপ্পুর
Sarar Char,সরার চর
Sarashpur,সারশপুর
Sarbananda,সার্বানন্দ
Sarboatali,সারবোয়াতলি
Sardah,সারদহ
Sardarpur,সরদারপুর
Sarengkati,সেরেঙ্গকাঠি
Sariakandi,সারিয়াকান্দি
Sariakandi Paurashava,সারিয়াকান্দি পৌরসভা
Sarikait,সারিকাইত
Sarikal,সারিকাল
Sarikkhali,সরিকখালি
Sariktala,সরিকতলা
Sarisha,সরিষা
Sarishabari Paurashava,সরিষাবাড়ী পৌরসভা
Sarishadi,সারিষাদি
Sarishamuri,সরিষামুড়ি
Sarmaisa,সরমাইসা
Saroatali,সারোয়াতলী
Sarpukur,সরপুকুর
Sarulia,সারুলিয়া
Sarutia,সারুটিয়া
Satair,সাতাইর
Satani,সাতানি
Satarkul,সাতারকুল
Satbaria,সাতবাড়িয়া
Satgara,সাতগড়া
Satgoan,সাতগাঁও
Satgram,সাতগ্রাম
Satkania,সাতকানিয়া
Satkania Paurashava,সাতকানিয়া পৌরসভা
Satkapan,সাতকাপন
Satkhira Paurashava,সাতক্ষীরা পৌরসভা
Satkhira Range,সাতক্ষীরা রেঞ্জ
Satla,সাটলা
Satmara,সাতমারা
Satmura,সাতমূড়া
Satnal,সাতনাল
Satnala,সাতনলা
Satpar,সাতপাড়
Satpoa,সাতপোয়া
Satrujitpur,শত্রুজিৎপুর
Saturia,সাতুরিয়া
Sauljalia,সাউলজালিয়া
Saulmari,শৌলমারি
Savar,সাভার
Savar Paurashava,সাভার পৌরসভা
Sayar,সায়ার
Sayna Raghunathpur,সায়না রঘুনাথপুর
Sekharnagar,শেখরনগর
Sekherhat,শেখেরহাট
Sekherkhil,শেখেরখিল
Sekherkola,শেখেরকোলা
Sekherpur,শেখেরপুর
Sekhmatia,শেখমাটিয়া
Sekhpura,শেখপুরা
Selborash,সেলবরষ
Senbagh Paurashava,সেনবাগ পৌরসভা
Sener Char,সেনের চর
Sengaon,সেনগাঁও
Sengarchar Paurashava,সেনগারচর পৌরসভা
Senhati,সেনহাটি
Setabganj Paurashava,সেতাবগঞ্জ পৌরসভা
Shabgram,শবগ্রাম
Shah Mahmudpur,শাহ মাহমুদপুর
Shah- Bandegi,শাহ-বন্দেগী
Shaharbati,সহরবতী
Shahasram Dhuldia,সহশ্রম ধূলদিয়া
Shahbajpur,শাহবাজপুর
Shahbazpur,শাহবাজপুর
Shahid Wahabpur,শহীদ ওয়াহাবপুর
Shahidbagh,শহীদবাগ
Shahjadapur,শাহজাদাপুর
Shahjadpur Paurashava,শাহজাদপুর পৌরসভা
Shahjahanpur,শাহজাহানপুর
Shahrasti Paurashava,শাহরাস্তি পৌরসভা
Shaikhati,শাইখাটি
Shailkupa Paurashava,শৈলকুপা পৌরসভা
Shak Char,শাক চর
Shakhahar,শাখাহার
Shakharia,শাখারিয়া
Shalikha,শালিখা
Shalkhuria,শালখুড়িয়া
Shalmara,শালমারা
Shalnagar,শালনগর
Shambhupur,শম্বুপুর
Shambhupura,শম্ভুপুরা
Shamshernagar,সমশেরনগর
Shanerhat,শানেরহাট
Shankar Chandra,শঙ্কর চন্দ্র
Shankarpasha,শঙ্করপশা
Shankarpur,শংকরপুর
Shankharikati,শাঁখারিকাঠি
Shantahar,শান্তাহার
Shantiram,শান্তিরাম
Sharankhola Range,শরণখোলা রেঞ্জ
Shariatpur Paurashava,শরীয়তপুর পৌরসভা
Sharifpur,শরীফপুর
Sharsha,শারশা
Shashara,শাশারা
Shashidal,শশিদল
Shat Gambuj,ষাট গম্বুজ
Shatagram,শতগ্রাম
Shatakhali,শতখালী
Shatiajuri,সাটিয়াজুড়ি
Shaul Para,শৌল পাড়া
Shayestabad,শায়েস্তাবাদ
Shayestagang Paurashava,শায়েস্তাগঞ্জ পৌরসভা
Shaympur,শ্যামপুর
Shekhar,শেখর
Shelaidaha,শিলাইদহ
Sheola,শেওলা
Sherkole,শেরকোল
Sherpur,শেরপুর
Sherpur Paurashava,শেরপুর পৌরসভা
Shialkati,শিয়ালকাঠি
Shialkul,শিয়ালকুল
Shib Char Paurashava,শিব চর পৌরসভা
Shibalaya,শিবালয়
Shibchar,শিবচর
Shibganj,শিবগঞ্জ
Shibganj Paurashava,শিবগঞ্জ পৌরসভা
Shibnagar,শিবনগর
Shibpasha,শিবপাশা
Shibpur,শিবপুর
Shibpur Paurashava,শিবপুর পৌরসভা
Shibrampur,শিবরামপুর
Shihara,শিহাড়া
Shikar Mangal,শিকার মঙ্গল
Shikari Para,শিকারী পাড়া
Shikarpur,শিকারপুর
Shilkhali,শিলখালি
Shilkhuri,শিলখুরি
Shimabari,শিমাবাড়ী
Shimulbak,শিমুলবাক
Shimulbari,শিমুলবাড়ি
Shimulia,শিমুলিয়া
Shimulkandi,শিমুলকান্দি
Shingimari,শিংগিমারি
Shiranti,শিরন্তী
Shola Taka,ষোল টাকা
Sholadana,শোলাদানা
Sholaghar,ষোলঘর
Sholak,শোলক
Sholanal,ষোলনল
Sholla,শোল্লা
Sholukabad,শলুকাবাদ
Shorifgonj,শরিফগঞ্জ
Shubhapur,শুভপুর
Shublong,শুবলং
Shukundi,শুকুন্দি
Shyamgram,শ্যামগ্রাম
Shyamkur,শ্যামকুর
Shyamnagar,শ্যামনগর
Shyampur,শ্যামপুর
Shyamsiddhi,শ্যামসিদ্ধি
Siddhakati,সিদ্ধাকাটি
Siddhipasha,সিদ্ধিপাশা
Siddirganj Paurashava,সিদ্ধিরগঞ্জ পৌরসভা
Sidhla,সিধলা
Sidhuli,সিধুলি
Sidlai,সিদলাই
Sidulkura,সিদুলকুড়া
Sidya,সিদ্যা
Sikalbaha,শিকলবহ
Sikdar Mallik,সিকদার মল্লিক
Silai,সিলাই
Silam,সিলাম
Silimpur,সিলিমপুর
Silkup,শিলকুপ
Silmandi,শিলমন্দি
Silmaria,শীলমাড়িয়া
Silok,সিলোক
Simanta,সীমান্ত
Simla Rokonpur,শিমলা রোকনপুর
Sindukchari,সিন্দুকছড়ি
Sindurkhan,সিন্দুরখান
Sindurna,সিন্দুরনা
Sindurpur,সিন্দুরপুর
Sing Chapair,সিং চাপাইর
Singa,সিংগা
Singa Baruna,সিঙ্গা বরুনা
Singair,সিংগাইর
Singair Paurashava,সিংগাইর পৌরসভা
Singasolpur,সিঙ্গাসোলপুর
Singasree,সিংহশ্রী
Singdha,সিংধা
Singhajhuli,সিংহজুলি
Singhar Bangla,সিংহের বাংলা
Singheshwar,সিংহেশ্বর
Singjuri,সিংজুড়ি
Singpur,সিংপুর
Singra,সিংড়া
Singra Paurashava,সিংড়া পৌরসভা
Singrail,সিংড়াইল
Sirajganj Paurashava,সিরাজগঞ্জ পৌরসভা
Sirajpur,সিরাজপুর
Sirkhara,শিরখাড়া
Sirta,সিরতা
Siruail,সিরুয়াইল
Sitakunda Paurashava,সিতাকুন্ড পৌরসভা
Snanghat,স্নানঘাট
Sobhana,সোভানা
Sobhandandi,শোভনদন্ডি
Sobhnali,সোভনালী
Sohagdal,সোহাগদল
Sohagi,সোহাগি
Solakuri,শোলাকুড়ি
Sombhag,সম্ভাগ
Sonabaria,সোনাবাড়িয়া
Sonadanga,সোনাডাঙ্গা
Sonadia,সোনাদিয়া
Sonagazi,সোনাগাজী
Sonagazi Paurashava,সোনাগাজী পৌরসভা
Sonahar Mallikadaha,সোনাহার মল্লিকদহ
Sonai,সোনাই
Sonaichhari,সোনাইছড়ি
Sonaimuri Paurashava,সোনাইমুড়ি পৌরসভা
Sonakania,সোনাকানিয়া
Sonakata,সোনাকাটা
Sonakhara,সোনাখাড়া
Sonamukhi,সোনমুখী
Sonapur,সোনাপুর
Sonarai,সোনারাই
Sonarampur,সোনারামপুর
Sonarang Tongibari,সোনারং টঙ্গিবারি
Sonargaon Paurashava,সোনারগাঁও পৌরসভা
Sonaroy,সোনারয়
Sonatala,সোনাতলা
Sonatani,সোনাতানী
Sonatola Paurashava,সোনাতলা পৌরসভা
South Char Ababil,দক্ষিণ চর আবাবিল
South Char Bangshi Union,দক্ষিণ চর বংশী ইউনিয়ন
South Rajanagar,দক্ষিণ রাজানগর
Sreebardi,শ্রিবর্দী
Sreebardi Paurashava,শ্রিবর্দি পৌরসভা
Sreedharpur,শ্রীধরপুর
Sreefaltala,শ্রীফলতলা
Sreefaltali,শ্রীফলতলী
Sreekail,শ্রীকাইল
Sreekol,শ্রীকোল
Sreemangal,শ্রীমংগল
Sreemangal Paurashava,শ্রীমংগল পৌরসভা
Sreemantapur,শ্রীমন্তপুর
Sreenagar,শ্রীনগর
Sreepur,শ্রীপুর
Sreepur Kharandwip,শ্রীপুর খরণদ্বীপ
Sreepur Paurashava,শ্রীপুর পৌরসভা
Sreeramkati,শ্রীরামকাঠি
Sreerampur,শ্রীরামপুর
Sreeula,শ্রীউলা
St.Martin Dwip,সেন্ট মার্টিন দ্বীপ
Sthal,স্থল
Suabil,সুয়াবিল
Suagram,সুয়াগ্রাম
Suair,সুয়াইর
Suapur,সুয়াপুর
Subha Para,সুভা পাড়া
Subhadanga,সুভডাঙ্গা
Subhadia,সুভাদিয়া
Subhadya (Part),শুভাদ্য (অংশ)
Subhagachha,সুভাগাছা
Subhapur,সুভাপুর
Subidpur,সুবিদপুর
Subil,সুবিল
Sufalakati,সুফলাকাঠি
Sughat,সুঘাট
Sughatta,সুঘাট্টা
Suhilpur (paschim Silpur),সুহিলপুর (পশ্চিম শিলপুর)
Sujalpur,সুজলপুর
Sujanagar,সুজানগর
Sujanagar Paurashava,সুজানগর পৌরসভা
Sujatpur,সুজাতপুর
Sukash,সুকাশ
Sukh Char,সুখ চর
Sukhanpukhari,সুখানপুখাঁরি
Sukhari,সুখারি
Sukhia,সুখিয়া
Sukpukhuria,সুখপুকুরিয়া
Suktagarh,সুক্তাগড়
Suktail,সুকতাইল
Sulla,সুল্লা
Sultanabad,সুলতানাবাদ
Sultanganj,সুলতানগঞ্জ
Sultanganj (Part),সুলতানগঞ্জ (পার্ট)
Sultanpur,সুলতানপুর
Sunamganj Paurashava,সুনামগঞ্জ পৌরসভা
Sundalpur,সুন্দালপুর
Sundar Dighi,সুন্দর দিঘি
Sundarban,সুন্দরবন
Sundarganj Paurashava,সুন্দরগঞ্জ পৌরসভা
Sundarpur,সুন্দরপুর
Sundarpur Durgapur,সুন্দরপুর দুর্গাপুর
Sundoli,সুন্দলি
Suniltala,সুনিলতলা
Surajpur Manikpur,সুরাজপুর মানিকপুর
Surat,সুরাট
Surjyamani,সূর্যমণি
Surkhali,সুরখালি
Surma,সুরমা
Sutalari,সুতালাড়ি
Sutar Para,সুতার পাড়া
Sutarkhali,সুতারখালি
Suti Para,সুতি পাড়া
Sutiakati,সুতিয়াকাঠি
Sutrapur,সুত্রাপুর
Swadeshi,স্বদেশী
Swalak,সোয়ালক
Swarupdaha,স্বরুপদহ
Swaruppur,স্বরূপপুর
Syed Pur,সৈয়দপুর
T. S. Bahirdia,টি এস বাহিরদিয়া
Tabakpur,তাবাকপুর
Tabgi,তাবগি
Tagarbanda,টগরবান্দা
Taherhuda,তাহেরহুদা
Tahirpur,তাহিরপুর
Tahirpur Paurashava,তাহিরপুর পৌরসভা
Taindang,তাইনডং
Taitong,তাইটং
Tajpur,তাজপুর
Tala,তালা
Talam,তালম
Talanda,তালান্দা
Talbaria,তালবাড়িয়া
Talganga,তালগঙ্গা
Talibpur,তালিবপুর
Talimpur,তালিমপুর
Talkhari,তালখারি
Talki,তালকি
Talma,তালমা
Talora,তালোড়া
Taluk Kanupur,তালুক কানুপুর
Tamaruddin,তামারউদ্দিন
Tambulpur,তাম্বুলপুর
Tamphat,তামফত
Tamta Paschim,তমতা পশ্চিম
Tamta Purba,টাম্টা পূর্ব
Tangail Paurashava,টাঙ্গাইল পৌরসভা
Tangbhanga,টংভাঙ্গা
Tankabati,টংকাবতী
Tanki,টনকি
Tanore Paurashava,তানোর পৌরসভা
Tantar,তাঁতার
Tantibanda,তাঁতিবাঁধা
Tantihati,তাতীহাটি
Tapodhan,তাপোধান
Tarabo Paurashava,তারাবো পৌরসভা
Tarabunia,তারাবুনিয়া
Tarachha,তারাছা
Tarafpur,তরফপুর
Tarail Sachail,তারাইল সাচাইল
Tarakanda,তারাকান্দা
Taral,তারাল
Tarali,তারালি
Taranagar,তারানগর
Tarapur,তারাপুর
Tarash,তারাশ
Tarati,তারাটি
Targaon,তারগাঁও
Taria,তাড়িয়া
Tarpur Chandi,তারপুর চান্দি
Tarua,তারুয়া
Tarundia,তারুন্দিয়া
Tebaria,তেবাড়িয়া
Tegharia,তেঘরিয়া
Tekani,তেকানি
Tekani Chukainagar,টেকানি চুকাইনগর
Teknaf,টেকনাফ
Teknaf Paurashava,টেকনাফ পৌরসভা
Teligati,তেলিগাটি
Telihati,তেলিহাটি
Telikhal,তেলিখাল
Telikhali,তেলিখালি
Tengaba,টেঙ্গাবা
Tenger Char,টেঙ্গের চর
Tengra,টেংরা
Tentulbaria,তেতুলবাড়িয়া
Tentulia,তেতুলিয়া
Teota,তেওটা
Tepa Kharibari,তেপা খড়িবাড়ি
Tepa Madhupur,টেপা মধুপুর
Tepriganj,তেপ্রিগঞ্জ
Terokhada,তেরখাদা
Tetli,টেটলি
Tetuljhora,তেতুলঝরা
Tezkhali,তেজখালি
Thakurakona,ঠাকুরাকোনা
Thalta Majhgram,থালতা মাঝগ্রাম
Thanahat,থানাহাট
Thanchi,থানচি
Thetroy,থেতরাই
Tiakhali,টিয়াখালি
Tiariganj,তিয়ারিগঞ্জ
Tiasree,তিয়াশ্রী
Tikikata,টিকিকাটা
Tilagaon,তিলাগাঁও
Tilai,তিলাই
Tilakpur,তিলকপুর
Tildanga,তিলডাঙ্গা
Tilli,তিল্লি
Tilna,তিলনা
Tilpara,তিলপাড়া
Tindu,তিন্দু
Tintahari,তিনতাহারি
Tirnaihat,তীরনাইহাট
Titpalla,তিতপল্লা
Titudaha,তিতুদহ
Toke,টোক
Tona,টোনা
Tongi Paurashava,টঙ্গী পৌরসভা
Torabgang,তোরাবগং
Towakul,তোয়াকুল
Tribeni,ত্রিবেনী
Trilochanpur,ত্রিলোচনপুর
Trimohini,ত্রিমোহিনী
Trishal,ত্রিশাল
Trishal Paurashava,ত্রিশাল পৌরসভা
Tubalchhari,তবলছড়ি
Tuker Bazar,টুকের বাজার
Tukuria,টুকুরিয়া
Tularampur,তুলারামপুর
Tulasar,তুলসার
Tulsir Char,তুলসীর চর
Tultikar,টুলটিকর
Tum Char,টুম চর
Tumulia,তুমুলিয়া
Tungibaria,টুঙ্গিবাড়িয়া
Tungipara Paurashava,টুংগিপাড়া পৌরষভা
Tupamari,তুপামাড়ি
Tushbhandar,তুশভান্ডার
Tushkhali,তুশখালি
Tuzarpur,তুজারপুর
Uarsi,ওয়ার্শী
Ubahata,উবাহাটা
Uchakhila,উচাখিলা
Uchitpur,উচিতপুর
Udakhali,উদাখালি
Udaykati,উদয়কাটি
Udaypur,উদয়পুর
Udhunia,উধুনিয়া
Ujalkur,উজালকুর
Ujan Char,উজান চর
Ujangram,উজানগ্রাম
Ujani,উজানি
Ujantia,উজানটিয়া
Ujirpur,উজিরপুর
Ulail,উলাইল
Ulania,উলানিয়া
Ulashi,উলশি
Ullah Para,উল্লাহ পাড়া
Ullah Para Paurashava,উল্লাহ পাড়া পৌরসভা
Ulpur,উলপুর
Ulta Chari,উল্টা ছড়ি
Umedpur,উমেদপুর
Upasahar,উপশহর
Upper Kagabala,আপার কাগাবলা
Urafi,উড়াফি
Urail,উড়াইল
Uria,উড়িয়া
Urirchar,উড়িরচর
Urkirchar,উড়কিরচর
Urpha,উড়ফা
Usthi,উস্থি
Uthali,উথালি
Uthrail,উথরাইল
Uthura,উথুরা
Uttam,উত্তম
Uttar Akhaura,উত্তর আখাউরা
Uttar Algi Durgapur,উত্তর আলগী দুর্গাপুর
Uttar Badaghat,উত্তর বড়ঘাট
Uttar Badal,উত্তর বাদল
Uttar Bade Pasha,উত্তর বেড পাশা
Uttar Bakharnagar,উত্তর বখরনগর
Uttar Banchharampur,উত্তর বাঁঞ্ছারামপুর
Uttar Bangshikunda,উত্তর বংশিকুন্ড
Uttar Bedkashi,উত্তর বেদকাশি
Uttar Channel,উত্তর চ্যানেল
Uttar Dakshinbhag,উত্তর দক্ষিণভাগ
Uttar Daudkandi,উত্তর দাউদকান্দি
Uttar Dhamti,উত্তর ধামতি
Uttar Dhurung,উত্তর ধুরুং
Uttar Dighaldi,উত্তর দিঘলদি
Uttar Durgapur,উত্তর দুর্গাপুর
Uttar Elliotganj,উত্তর এলিয়টগঞ্জ
Uttar Gandharabpur,উত্তর গান্ধরবপুর
Uttar Gobindapur,উত্তর গোবিন্দপুর
Uttar Gohat,উত্তর গোহাট
Uttar Gunaighar,উত্তর গুনাইঘর
Uttar Hamchadi,উত্তর হামছড়ি
Uttar Hawla,উত্তর হাওলা
Uttar Ichhapur,উত্তর ইছাপুর
Uttar Jhalam,উত্তর ঝলম
Uttar Joynagar,উত্তর জয়নগর
Uttar Joypur,উত্তর জয়পুর
Uttar Kachua,উত্তর কাচুয়া
Uttar Kalocho,উত্তর কালোচো
Uttar Khan,উত্তর খান
Uttar Khosbas,উত্তর খোসবাস
Uttar Khurma,উত্তর খুরমা
Uttar Madarsa,উত্তর মাদ্রাসা
Uttar Meher,উত্তর মেহের
Uttar Natai,উত্তর নাটাই
Uttar Nayergaon,উত্তর নায়েরগাঁও
Uttar Paikpara,উত্তর পাইকপাড়া
Uttar Panisar,উত্তর পানিসার
Uttar Paschim Baniyachang,উত্তর পশ্চিম বানিয়াচং
Uttar Payalgachha,উত্তর পায়ালগাছা
Uttar Purba Baniachang,উত্তর পূর্ব বানিয়াচং
Uttar Rajargaon,উত্তর রাজারগাঁও
Uttar Ramchandrapur,উত্তর রামচন্দ্রপুর
Uttar Roysree,উত্তর রায়শ্রী
Uttar Rupsa,উত্তর রূপসা
Uttar Sakuchia,উত্তর সাকুচিয়া
Uttar Shahabajpur,উত্তর শাহাবাজপুর
Uttar Shilmuri,উত্তর শিলমুড়ি
Uttar Sreepur,উত্তর শ্রীপুর
Uttar Suchi Para,উত্তর সুচিপাড়া
Uttar Sukhair Rajapur,উত্তর সুখাইর রাজাপুর
Uttar Upadi,উত্তর উপাড়ী
Uttarbhag,উত্তরভাগ
Uttardah,উত্তরদহ
Uttargram,উত্তরগ্রাম
Uzirpur,উজিরপুর
Vimkhali,ভিমখালি
Wagga,ওয়াগ্গা
Wahedpur,ওয়াহেদপুর
Walia,ওয়ালিয়া
Ward No-01,ওয়ার্ড নং-০১
Ward No-02,ওয়ার্ড নং-০২
Ward No-02 (part),ওয়ার্ড নং-০২ (অংশ)
Ward No-03,ওয়ার্ড নং-০৩
Ward No-04,ওয়ার্ড নং-০৪
Ward No-05,ওয়ার্ড নং-০৫
Ward No-06,ওয়ার্ড নং-০৬
Ward No-07,ওয়ার্ড নং-০৭
Ward No-07 (Part),ওয়ার্ড নং-০৭ (অংশ)
Ward No-08,ওয়ার্ড নং-০৮
Ward No-09,ওয়ার্ড নং-০৯
Ward No-09 (Part),ওয়ার্ড নং-০৯ (অংশ)
Ward No-10,ওয়ার্ড নং-10
Ward No-10 (part),ওয়ার্ড নং-10 (অংশ)
Ward No-11,ওয়ার্ড নং-১১
Ward No-12,ওয়ার্ড নং-১২
Ward No-13,ওয়ার্ড নম্বর-১৩
Ward No-14,ওয়ার্ড নং-14
Ward No-14 (part),ওয়ার্ড নং-14 (অংশ)
Ward No-15,ওয়ার্ড নং-15
Ward No-15 (part),ওয়ার্ড নং-15 (অংশ)
Ward No-16,ওয়ার্ড নং-16
Ward No-17,ওয়ার্ড নং-১৭
Ward No-17 (Part),ওয়ার্ড নং-১৭ (অংশ)
Ward No-18,ওয়ার্ড নং-18
Ward No-18 (part),ওয়ার্ড নং-18 (অংশ)
Ward No-19,ওয়ার্ড নং-১৯
Ward No-20,ওয়ার্ড নং-20
Ward No-20 (Part),ওয়ার্ড নং-২০ (অংশ)
Ward No-21,ওয়ার্ড নং-২১
Ward No-22,ওয়ার্ড নং-22
Ward No-23,ওয়ার্ড নং-23
Ward No-24,ওয়ার্ড নং-24
Ward No-25,ওয়ার্ড নং-25
Ward No-26,ওয়ার্ড নং-26
Ward No-27,ওয়ার্ড নং-২৭
Ward No-28,ওয়ার্ড নং-২৮
Ward No-29,ওয়ার্ড নং-২৯
Ward No-30,ওয়ার্ড নং-30
Ward No-31,ওয়ার্ড নং-31
Ward No-32,ওয়ার্ড নং-৩২
Ward No-33,ওয়ার্ড নং-৩৩
Ward No-34,ওয়ার্ড নং-34
Ward No-35,ওয়ার্ড নং-৩৫
Ward No-36,ওয়ার্ড নং-36
Ward No-37,ওয়ার্ড নং-37
Ward No-38 (Part),ওয়ার্ড নং-৩৮ (অংশ)
Ward No-39,ওয়ার্ড নং-৩৯
Ward No-40 (Part),ওয়ার্ড নং-৪০ (অংশ)
Ward No-41,ওয়ার্ড নং-41
Ward No-42,ওয়ার্ড নং-42
Ward No-43,ওয়ার্ড নং-43
Ward No-44,ওয়ার্ড নং-44
Ward No-45,ওয়ার্ড নং-45
Ward No-46,ওয়ার্ড নং-46
Ward No-46 (Part),ওয়ার্ড নং-৪৬ (অংশ)
Ward No-47 (Part),ওয়ার্ড নং-৪৭ (অংশ)
Ward No-47 (part),ওয়ার্ড নং-47 (অংশ)
Ward No-48 (Part),ওয়ার্ড নং-৪৮ (অংশ)
Ward No-49,ওয়ার্ড নং-49
Ward No-50,ওয়ার্ড নং-50
Ward No-51 (Part),ওয়ার্ড নং-51 (অংশ)
Ward No-51 (part),ওয়ার্ড নং-51 (অংশ)
Ward No-52,ওয়ার্ড নং-52
Ward No-53,ওয়ার্ড নং-53
Ward No-54,ওয়ার্ড নং-54
Ward No-55,ওয়ার্ড নং-55
Ward No-56 (Part),ওয়ার্ড নং-56 (অংশ)
Ward No-56 (part),ওয়ার্ড নং-56 (অংশ)
Ward No-57,ওয়ার্ড নং-57
Ward No-58,ওয়ার্ড নং-58
Ward No-59,ওয়ার্ড নং-59
Ward No-60,ওয়ার্ড নং-60
Ward No-61,ওয়ার্ড নং-61
Ward No-62,ওয়ার্ড নং-62
Ward No-63 (Part),ওয়ার্ড নং-63 (অংশ)
Ward No-64,ওয়ার্ড নং-64
Ward No-65,ওয়ার্ড নং-65
Ward No-66 (Part),ওয়ার্ড নং-66 (অংশ)
Ward No-67 (Part),ওয়ার্ড নং-67 (অংশ)
Ward No-67 (part),ওয়ার্ড নং-67 (অংশ)
Ward No-68 (Part),ওয়ার্ড নং-68 (অংশ)
Ward No-68 (part),ওয়ার্ড নং-68 (অংশ)
Ward No-69,ওয়ার্ড নং-69
Ward No-70,ওয়ার্ড নং-70
Ward No-71 (Part),ওয়ার্ড নং-71 (অংশ)
Ward No-72,ওয়ার্ড নং-72
Ward No-73,ওয়ার্ড নং-73
Ward No-74,ওয়ার্ড নং-74
Ward No-75,ওয়ার্ড নং-75
Ward No-76 (Part),ওয়ার্ড নং-৭৬ (অংশ)
Ward No-77,ওয়ার্ড নং-77
Ward No-78,ওয়ার্ড নং-78
Ward No-79,ওয়ার্ড নং-79
Ward No-80 (Part),ওয়ার্ড নং-80 (অংশ)
Ward No-81,ওয়ার্ড নং-81
Ward No-82,ওয়ার্ড নং-82
Ward No-83,ওয়ার্ড নং-83
Ward No-84,ওয়ার্ড নং-84
Ward No-85,ওয়ার্ড নং-85
Ward No-86,ওয়ার্ড নং-86
Ward No-87,ওয়ার্ড নং-87
Ward No-88,ওয়ার্ড নং-88
Ward No-89,ওয়ার্ড নং-৮৯
Ward No-90,ওয়ার্ড নং-৯০
Ward No-91,ওয়ার্ড নং-91
Ward No-92,ওয়ার্ড নং-92
Ward No-98 (Rest. Area),ওয়ার্ড নং-৯৮ (বিশ্রাম এলাকা)
Ward No-98 (rest. Area),ওয়ার্ড নং-৯৮ (বিশ্রাম এলাকা)
West Chitasi,পশ্চিম চিতাসি
Whykong,ওয়াইকং
Yakubpur,ইয়াকুবপুর
Yearpur,ইয়ারপুর
Yusufpur,ইউসুফপুর
Zakiganj,জাকিগঞ্জ
Zakiganj Paurashava,জাকিগঞ্জ পৌরসভা
Zanjira,জাঞ্জিরা
Zanjira Paurashava,জাঞ্জিরা পৌরসভা
Zianagar,জিয়ানগর
Zindarpur,জিন্দারপুর
Zinjira,জিঞ্জিরা
Zorwarganj,জোরওয়ারগঞ্জ
